Link,Title,Location,Salary,Summary
https://kr.indeed.com//rc/clk?jk=63d19b43d3b272ca&fccid=dd616958bd9ddc12&vjs=3,웹/앱 개발자 신입/경력 정규직,서울 용산구,"연봉 30,000,000원 - 35,000,000원","니다. 인터넷·IT·통신·모바일·게임>웹프로그래머>웹개발|인터넷·IT·통신·모바일·게임>응용프로그래머>iOS|인터넷·IT·통신·모바일·게임>응용프로그래머>Android|인터넷·IT·통신·모바일·게임>응용프로그래머>
Python"
https://kr.indeed.com//rc/clk?jk=c21860c294b20700&fccid=58a9a803698a0afd&vjs=3,[쿠키런: 오븐브레이크] 서버 소프트웨어 엔지니어 (신입),서울 강남구,,"트웨어|인터넷·IT·통신·모바일·게임>응용프로그래머>JAVA|인터넷·IT·통신·모바일·게임>응용프로그래머>C·C++|인터넷·IT·통신·모바일·게임>웹프로그래머>
Python|교육·교사·강사·교직원>IT·문화·직업강사>프로그래밍"
https://kr.indeed.com//rc/clk?jk=ac64fda2e281b835&fccid=a5b4499d9e91a5c6&vjs=3,"Software Engineer, People with Disabilities (장애인 채용)",서울,,"languages, including... limited to: C++, Java, C and 
Python. Experience in a variety of projects utilizing natural..."
https://kr.indeed.com//rc/clk?jk=20abdd225641e77a&fccid=86e9be6ce380173e&vjs=3,"Software QA Infotainment Test Engineer, Bundang, Gyeonggi, K...",경기도 성남,,"one or more scripting languages... Perl, Ruby, 
Python, or Bash Passionate about troubleshooting failures to determine..."
https://kr.indeed.com//rc/clk?jk=bb5ae480fe3200b9&fccid=de71a49b535e21cb&vjs=3,Data Scientist,서울,,"skills in 
Python, and ideally in other languages like R, SQL, Hive Sql, C++ • Hands-on experience with 
Python libraries..."
https://kr.indeed.com//rc/clk?jk=182ff131c1605ce2&fccid=bbb44b94ab8f66a9&vjs=3,"경남 ICT 이노베이션스퀘어 사업 인공지능, 블록체인 교육생",창원 마산회원구,,"게임>빅데이터·AI(인공지능)>
Python|인터넷·IT·통신·모바일·게임... 로그래머>인공지능(AI)|인터넷·IT·통신·모바일·게임>응용프로그래머>
Python|인터넷·IT·통신·모바일·게임>응용프로그래머>머신러닝(ML)|인터넷..."
https://kr.indeed.com//rc/clk?jk=d8a8869ab092f731&fccid=32b9af632cf3b9f9&vjs=3,데이터 엔지니어 및 사이언티스트,성남 판교역,,"등 데이터 엔지니어와 사이언티스트의 업무를 경계 없이 수행하게 됩니다. 지원자격 개발 경력 3년 이상 
Python, Scala, Java, C++ 중 하나 이상의 언어에 능통 SQL 또는 HiveQL에 능통 대용량 데이..."
https://kr.indeed.com//rc/clk?jk=aac8e9355cb855ac&fccid=617d7f961cfcf54a&vjs=3,[인재풀] 아티스트,서울,,"Maya or 3D Max등의 아트웍 툴 사용 경험 Max script 또는 Mel Script의 사용 경험 C# 또는 
Python 언어에 대한 이해 및 활용 능력 아트웍 관련 툴 제작 또는 플러그인 제작 경험"
https://kr.indeed.com//rc/clk?jk=3cf01580ba5eb23a&fccid=9be12e4be3d1efa6&vjs=3,NLP Researcher,서울,,"Stacks [Back-end] Language: 
python, golang 
Python Framework: Django, Bottle [Front... Language: 
python, golang 
Python Framework..."
https://kr.indeed.com//rc/clk?jk=fcfc53a347485341&fccid=205b02ce77cbf40e&vjs=3,Vision AI Engineer,대한민국,,"좋아하고 팀원들과 소통하며 함께 성장하는 것을 추구하시는 분 다음 중 하나 이상의 언어에 능숙하신 분 (
Python/C, C++/Java/Object C/Swift/Kotlin) 우대사항 석사 또는 박사 학위를 보유하신 분..."
https://kr.indeed.com//rc/clk?jk=af70d21b99efd308&fccid=a792f668ea278019&vjs=3,[정보보호팀] 보안 엔지니어,서울 동작구,,"Orchestration, Automation and Response) 도구 사용 경험 - 
Python 개발 경험 - Snort, Zeek(bro), Osquery, Wazuh 혹은 상용 EDR(Endpoint..."
https://kr.indeed.com//rc/clk?jk=ae2c6294bc277408&fccid=467aefff3a9cf758&vjs=3,Lead Technical Solutions Engineer,서울,,"Data Analysis in 
Python... R Machine... 와 같은 모바일 앱 트래킹 도구들을 위한 모바일 이벤트 트래킹 
Python 또는 R 을 활용한 데이터 분석 Machine Learning..."
https://kr.indeed.com//rc/clk?jk=e641384f9a315548&fccid=1747ef880c1e67fb&vjs=3,"[해외취업] 패션악세사리 제조,유통기업 Business Analyst - 가방, 모자, 쥬얼리 등",서울 역삼동,"연봉 36,000,000원 - 38,000,000원","skills, strong communication skills, strong in excel, VBA, 
Python... SQL - Excellent interpersonal and communication..."
https://kr.indeed.com//rc/clk?jk=10c5107f8bac04ff&fccid=6e2a9dddd86c4648&vjs=3,[웹젠] 사내IT인프라(신입/경력),성남 분당구,,"Terraform 등 운영 경험이 있는 분 - Powershell, 
Python, Bash,Batch 작성이 가능한 분 - L2,L3 네트워크 기본... 있는 분 - Powershell, 
Python, Bash,Batch 작성이..."
https://kr.indeed.com//rc/clk?jk=15edcadd124ad99a&fccid=aba87288e4cc3687&vjs=3,매칭 데이터분석,성남 분당구,,"최적화 된 모델을 적용하고 평가합니다. 지원자격 [이런 경험을 가진 파티원을 찾습니다.] - SQL, 
Python 등의 언어를 통해 데이터를 가공한 경험이 있는 분을 찾습니다. - 문제에 적합한 머신러닝 모델을 선택하고..."
https://kr.indeed.com//company/PM-Studios/jobs/%EB%B0%B1%EC%97%94%EB%93%9C-%EA%B0%9C%EB%B0%9C%EC%9E%90-a9fe0ef47886c567?fccid=61f782c5115643f7&vjs=3,백엔드 개발자,서울,"연봉 35,000,000원 - 60,000,000원","스템 설계/개발/운영 경험이 있으신 분 4. AWS 인프라 사용 경험 및 관리 경험 *우대사항* 1. 
Python, Django or Node.js, MongoDB 사용 경험자 2. React 기반의 프로젝트 개발 및..."
https://kr.indeed.com//rc/clk?jk=d31ab9cefeeef71b&fccid=0032c2826f110208&vjs=3,[최고인기과정] 게임 각 분야 국비지원 교육 참여자,서울 종로구,,"백엔드|인터넷·IT·통신·모바일·게임>웹프로그래머>프론트엔드|인터넷·IT·통신·모바일·게임>웹프로그래머>
Python|인터넷·IT·통신·모바일·게임>응용프로그래머>C·C++|인터넷·IT·통신·모바일·게임>응용프로그래머>JAVA..."
https://kr.indeed.com//rc/clk?jk=9193b9de45a0ac1c&fccid=6a7f2fa034a3fd36&vjs=3,Embedded Software Engineer - Connected,경기도 성남,,"skills with C, C++ and other script languages (i.e. 
python etc..) Strong knowledge... IOT devices communication protocols..."
https://kr.indeed.com//rc/clk?jk=743714ccc494176c&fccid=2da0dedf6df97194&vjs=3,IT Project Manager,서울,,"3) Network Programming skills (e.g. C/Java/
Python) or ability to read and write SQL... skills (e.g. C/Java/
Python) or ability..."
https://kr.indeed.com//rc/clk?jk=c80b67aa02a7b226&fccid=617504e506359426&vjs=3,인공지능연구소 우수인력 초빙 - 연구원 및 연구관리직 -,광주 북구,,"기술 컴퓨터사이언스, 머신러닝, 컴파일러, 자연언어 처리, 네트워킹, 지능형 센서 관련 지식 
Python/Java/C++/Web/App/API 프로그래밍, 딥러닝, 자연어처리, TCP/IP 등에 대한 지식 필요기술..."
https://kr.indeed.com//rc/clk?jk=cfc6c4d6a4cd83bd&fccid=6576e7250aa78c3c&vjs=3,Senior Analyst - Data Analytics,서울,,"skills with 
python, R Knowledge... suited... business problem (using 
Python, SAS, SQL, R and other relevant tools..."
https://kr.indeed.com//rc/clk?jk=a3a65a4d59061430&fccid=533c91503ff32d48&vjs=3,위시켓과 함께할 서버개발자님,서울 강남구,,"를 활용한 정적 페이지 연계 - Docker, Jenkins 등을 활용한 CI/CD 개선 자격조건 - 
Python 기반의 프레임워크를 이용한 웹서비스 구축 또는 운영 경험 - Django 기반의 웹 서비스 구축 또는 운영..."
https://kr.indeed.com//rc/clk?jk=1c4f1c0b625f5abd&fccid=e696d83fde5c0f20&vjs=3,데이터 사이언티스트 직군 모집,서울 구로구,,"요건 - 관련 분야 경력 3년 이상 - 정형/비정형 데이터 분석 및 모델링 가능 - 통계 분석 도구 (R, 
Python, Tensorflow 등) 및 SQL 사용 가능 - 다양한 직군의 사람들과 원활한 커뮤니케이션 및 협업..."
https://kr.indeed.com//rc/clk?jk=43f8edb38c7888c7&fccid=2f8799a5ef214646&vjs=3,[위메프오] 서버개발자(정규직),대한민국,,"데이터베이스 분산설계 및 미들웨어 개발 [자격사항] - 서버 프로그래밍 언어(PHP, Go, C/C++, 
Python, Java) 중 1개 이상 사용이 가능한 분 - 자료구조, 알고리즘, 분산처리 등 SW관련 기본지식 보유..."
https://kr.indeed.com//rc/clk?jk=4ec305f59ce64060&fccid=aba87288e4cc3687&vjs=3,게임이상탐지 분석/개발,성남 분당구,,"기법 적용에 필요한 프로그래밍 능력 (
Python) - SQL 활용 능력... 대시보드 개발 능력 솔루션 개발자 - 한 가지 이상의 개발 언어(
Python, Java, Scala)에 숙련된 프로그래밍 능력 - Linux..."
https://kr.indeed.com//rc/clk?jk=be6c1f03fa566f8e&fccid=32b9af632cf3b9f9&vjs=3,추천 시스템 연구/개발,성남 판교역,,"분야 석사 또는 박사 학위 소지자 적어도 하나 이상의 능숙한 프로그래밍 언어가 있으신 분 우대사항 
Python, C++, GPU 프로그래밍 숙련자 TensorFlow, PyTorch, implicit 등 머신러닝/추천..."
https://kr.indeed.com//rc/clk?jk=35f0a25dee5f3312&fccid=e34932b8232a173b&vjs=3,딥러닝 알고리즘 및 응용 Engineer,성남 분당구,"연봉 40,000,000원 - 100,000,000원","모바일·게임>빅데이터·AI(인공지능)>인공지능(AI)|인터넷·IT·통신·모바일·게임>빅데이터·AI(인공지능)>
Python|인터넷·IT·통신·모바일·게임>빅데이터·AI(인공지능)>머신러닝|인터넷·IT·통신·모바일·게임>빅데이터..."
https://kr.indeed.com//rc/clk?jk=b66e8ebedaabf145&fccid=dd616958bd9ddc12&vjs=3,AI 개발자 헬스케이 플랫폼 기업,서울특별시,,"경력 5년 이상 - AI, 데이터사이언스 실무 경력 2년 이상 - Linux 환경에 능숙 - 높은 수준의 
Python 구현 능력 - AI 관련 포트폴리오, 논문 혹은 경험 URL 제출 필수 ※ 우대사항 - AI, 통계학..."
https://kr.indeed.com//rc/clk?jk=07375dc4e800dfa9&fccid=32b9af632cf3b9f9&vjs=3,추천 시스템 소프트웨어 엔지니어,성남 판교역,,"관련 업무 경험자 우대사항 운영체제, 네트워크, 컴파일러, 데이터베이스에 대한 이해가 깊으신 분 
Python, C++, GPU 프로그래밍 숙련자 대용량/실시간 서비스 개발/운영 경험이 많으신 분 ICPC/TopCoder..."
https://kr.indeed.com//rc/clk?jk=87fb06a787af001d&fccid=734cb5a01ee60f80&vjs=3,Azure Sales Specialist-App Dev,서울,,"Azure in development languages... Java, JavaScript, 
Python, PHP, C#, Node.JS targeting Android, iOS, Linux, Windows..."
https://kr.indeed.com//rc/clk?jk=c39d18040425ef53&fccid=32b9af632cf3b9f9&vjs=3,PostgreSQL 운영 및 데이터베이스 관리자 모집,성남 판교역,,"청하고 잘 이해하는 분 Database 운영 유경험자 ( PostgreSQL 운영 경험이 있으신 분 우대) 
python, go, bash 등 개발 경험이 있는 분 우대 클라우드 환경의 DB시스템 구축 및 운영 경험이 있는 분..."
https://kr.indeed.com//rc/clk?jk=be95b5718905880f&fccid=6c9206aa5a609175&vjs=3,AI/빅데이터/클라우드 분야 (인재 Pool),서울,,"의미한 인사이트 발굴 - R, 
Python, SQL 등 Statistics... 등)의 다양한 솔루션을 활용하여 서비스 개발 경험자 2) Java,
Python 등 프로그래밍 개발 경험 보유자 3) Container 기반 서비스..."
https://kr.indeed.com//company/MIND-AI-INC/jobs/Korean-Computational-Linguist-2def0951d12ac6d7?fccid=5cde252d550394d2&vjs=3,Korean Computational Linguist - AI (Natural Language Reasoni...,서울•원격 근무,"연봉 50,000,000원","relation frameworks * Experience in programming in Perl, 
Python, or another scripting language * Experience in using grammars..."
https://kr.indeed.com//rc/clk?jk=45e2530522c7472a&fccid=f058eb095b8d3d23&vjs=3,"Python, 인공지능(AI) 외 신입/경력 정규직",성남 분당구,,"제출서류에 허위사실이 있을 경우 채용이 취소될 수 있습니다. 인터넷·IT·통신·모바일·게임>응용프로그래머>
Python|인터넷·IT·통신·모바일·게임>데이터베이스·DBA>Oracle DB|인터넷·IT·통신·모바일·게임>ERP..."
https://kr.indeed.com//rc/clk?jk=df1ca261998e19b1&fccid=9702ca14c9a11940&vjs=3,디지털 로직설계,서울 서초구,,"컨트롤러 설계 경험 - System Verilog를 사용한 설계 경험 - FPGA 이용한 검증 경험 - 
Python 코딩 역량 보유자 3. 입사 후 담당 업무 - 메모리 인터페이스 컨트롤러 설계 업무 : 디지털 로직 설계 및..."
https://kr.indeed.com//rc/clk?jk=23751f0df416c0d6&fccid=734cb5a01ee60f80&vjs=3,Support Engineer,서울,,"script-based development environments and tools (PERL, 
Python, Ruby, PhP, etc.) o Programming language (C++/C#) Microsoft..."
https://kr.indeed.com//rc/clk?jk=3c2bf0ec25a85c9f&fccid=6576e7250aa78c3c&vjs=3,"Senior Analyst - Data Science, Marketing & Sales",서울,,"mathematics) 4+ years of experience working with SQL and 
Python or R programming Ability to manage and query large databases..."
https://kr.indeed.com//rc/clk?jk=65a8082a6fb01ce1&fccid=ba4215b904dee414&vjs=3,데이터 엔지니어,서울,,"에서의 데이터 파이프라인 구축 및 운영 경험 GA, Tableau 등 외부 분석/시각화 도구에 대한 지식 
Python, Java, Scala 중 하나 이상을 이용한 개발 경험 추가 정보 지원 서류 안내 제출서류 : 이력..."
https://kr.indeed.com//rc/clk?jk=8af26b37623864c4&fccid=ac216a9ae7b75c06&vjs=3,8퍼센트 개발자 (신입/경력),서울 종로구,,"개발 금융 데이터 분석과 분석 플랫폼 운영 자격요건 컴퓨터 전공자 또는 웹 개발 경력 1년 이상 우대사항 
Python 코드를 무리 없이 읽으실 수 있는 분 Linux/Mac 사용 가능한 분 새로운 기술에 대한 호기심을 가지신..."
https://kr.indeed.com//rc/clk?jk=419692b3ddb34768&fccid=467aefff3a9cf758&vjs=3,Analytics Specialist,서울,,"end languages (
Python, NodeJS, PHP, etc... HTML5 / CSS / JavaScript, 기타 프론트 엔드 언어 (
Python, NodeJS, PHP 등) 등 읽고 쓰는 능력 기본 혜택..."
https://kr.indeed.com//rc/clk?jk=cae2de07045cfb2b&fccid=5347ade40d1c0654&vjs=3,"Java, Python 영상툴 개발자",서울 마곡동,,"원하면 가능) 담당업무 - 영상 라벨링 Tool 개발 - Tool 정확성 개선 자격요건 - Java - 
Python 우대사항 - 관련 개발 경력 - 툴개발 경력 근무조건 - 월~금 AM9:30 ~ PM18:30 복지..."
https://kr.indeed.com//rc/clk?jk=89f20c4eca4f47e5&fccid=edae4285faf6c2f0&vjs=3,Industrial Engineer - Korea,부산,,"region. Proficiency in programming languages (ie. SQL, 
Python) Experience programming in Tableau or other data visualization..."
https://kr.indeed.com//rc/clk?jk=fbd7a83024b1a001&fccid=842365965c1f45a0&vjs=3,"[유망벤처기업] 머신러닝, 딥러닝 엔지니어",서울 강남구,,"이터·AI(인공지능)>음성인식|인터넷·IT·통신·모바일·게임>빅데이터·AI(인공지능)>머신러닝|인터넷·IT·통신·모바일·게임>빅데이터·AI(인공지능)>딥러닝|인터넷·IT·통신·모바일·게임>빅데이터·AI(인공지능)>
Python"
https://kr.indeed.com//rc/clk?jk=cee59491258e51bc&fccid=456ef4b951cbdc8e&vjs=3,SK 브로드밴드 AI 전문가 경력사원,서울특별시,,"활용한 서비스 개발 경험 필수 - 미디어/커머스/전자/IT 업계 경험 3년 이상 역량/지식/자격증 - 
Python(또는 Scala, JAVA) 활용 역량 필수 - 딥러닝 프레임워크 활용 역량 탁월 - Text AI..."
https://kr.indeed.com//rc/clk?jk=d6c05c588971df5a&fccid=df5e7ec512668ebf&vjs=3,백엔드 파운트 시스템 엔지니어 (현재 급여수준 이상 보장),서울 충정로역,,"경험 - Linux명령어 및shell스크립트 작성 능숙 우대사항 - 
Python, Java등을 이용한 프로그래밍 경험 네트워크및 서버에 대한 표준화... 립트 작성 능숙 우대사항 - 
Python, Java등을 이용한 프로그래..."
https://kr.indeed.com//rc/clk?jk=df228c302c3c8f9b&fccid=715de450eed29374&vjs=3,서버개발자(벡앤드) 정규직,서울 강남구,"연봉 40,000,000원 - 50,000,000원","시스템 개발 [자격요건]• 경력사항: 경력(3년 이상 7년 이하)• 학력사항: 학력무관• 중상급 이상의 
Python 또는 JavaScript 언어 활용 가능자• Django 또는 Node.js rest framework에..."
https://kr.indeed.com//rc/clk?jk=62860441de1e2d5f&fccid=412ff571bced2587&vjs=3,[Clova] Voice&Avatar 음성합성 및 Avatar 개발 체험형 인턴,서울,,"령화 모델 개발 경험을 보유하고 있는 분 머신러닝을 활용한 서비스 개발 경험을 보유하고 있는 분 C/C++, 
Python 등 숙련된 개발 능력이 있는 분 전형절차 및 기타사항 1 전형절차 서류전형 > 온라인 코딩테스트 > 1..."
https://kr.indeed.com//rc/clk?jk=269f9a96319ef19a&fccid=32b9af632cf3b9f9&vjs=3,머신러닝 엔지니어 모집,성남 판교역,,"델의 성능 검증 및 지속 개선 대규모 로그 데이터 통계 분석을 통한 피쳐 추출 지원자격 #필수사항 
Python, Java, C++ 등 언어 중 하나 이상 활용 가능하신 분 TensorFlow/Keras, PyTorch..."
https://kr.indeed.com//rc/clk?jk=1c9091fddc291e72&fccid=54cdbbc080574e3e&vjs=3,(주)데이터누리 데이터 분석가 정규직,서울 강서구,"연봉 30,000,000원 - 70,000,000원","직무내용] - 지원자격ㆍ경력 : 경력 1년 이상- 우대사항ㆍ
Python, R, SAS 기반의 데이터 전처리, 가공, 분석 등 경험자ㆍ보유 자격(우대) : 데이터분석 전문가, 데이터분석 준전문가, 빅데이터분석기사, SQLP..."
https://kr.indeed.com//company/%EB%A9%94%EC%9D%B4%EC%A0%80-%EB%8C%80%EA%B8%B0%EC%97%85-%EC%9D%8C%EC%95%85%EC%BD%98%ED%85%90%EC%B8%A0-%EA%B3%84%EC%97%B4%EC%82%AC-Data-Engineer%ED%8F%AC%EC%A7%80%EC%85%98asap/jobs/-51fb0c85afdfeb70?fccid=3cfe13845f73c09f&vjs=3,메이저 대기업 계열사 Data Engineer포지션,서울 방배동,"연봉 60,000,000원 - 100,000,000원","이터 엔지니어링에 대한 이해가 있는 분 • AWS 환경에서 데이터 플랫폼 개발 경험이 있는 분 • SQL, 
Python 개발 가능하신 분 • 원활한 커뮤니케이션 능력을 보유하신 분 우대사항 • GCP 환경에서 데이터 플랫폼..."
https://kr.indeed.com//rc/clk?jk=e0e37aaebc73dde3&fccid=bc48816053af06b3&vjs=3,지표구축,경기도 성남,,"대시보드 플랫폼의 활용이 가능하신분 - 새로운 서비스 출시후 모니터링이나 트랜드 확인이 가능하도록 설계나 지원이 가능하신분 - SQL,Excel,R,
Python 등을 이용하여 데이터 추출 또는 분석이 가능하신 분"
https://kr.indeed.com//rc/clk?jk=e0f58354b166f668&fccid=e90e80bc9ed9a53f&vjs=3,Database Engineer (DBA) (RDBMS / NOSQL),대한민국,,"능하신 분 데이터 모델링에 대한 이해도가 높고 DB기초지식이 견고하신 분 운영도구등의 개발이 가능하신 분 ( 
Python, Golang, Perl, Java 등) 현실에 안주하지 않고 자기개발에 대한 열정이 넘치시는 분 해외..."
https://kr.indeed.com//rc/clk?jk=466547f7a5577282&fccid=81880cb2b512246a&vjs=3,자유롭게 소통하며 함께 일할 IT/SW 개발팀 정규직,경상북도 경산,,"AWS, 네이버 클라우드 등)을 활용한 설계, 개발, 운용 경험 - 
Python을 이용한 데이터 처리 및 AI 개발 경험 - OpenCV를 이용한... 용한 설계, 개발, 운용 경험- 
Python을 이용한 데이터 처리 및 AI..."
https://kr.indeed.com//rc/clk?jk=b58527264c90df6e&fccid=f4406f2325b4296b&vjs=3,LDI주식팀 경력직원 안내 (~4/11),대한민국,,"어능력 우수자, CFA, FRM, 투자자산운용사 等 자격증 보유자 우대 - 프로그램 언어(VBA, SQL, 
Python 等) 가능자 우대 4. 채용 프로세스 - 서류전형 면접전형 채용검진 최종합격 ※ 면접 대상자는 서류전형..."
https://kr.indeed.com//rc/clk?jk=8e11c3c2a8f8cfdf&fccid=205b02ce77cbf40e&vjs=3,ADS User Data Analyst,대한민국,,"격요건 Metric 도출과 현상에 대한 인과관계를 데이터로 해석하여 리포팅하실 수 있으신 분 SQL, R, 
Python 등 툴을 이용한 데이터를 분석하실 수 있으신 분 긍정적인 마인드로 데이터에 대해서 세밀하게 문제를 해결하..."
https://kr.indeed.com//rc/clk?jk=ecd6bdcf0cc22550&fccid=205b02ce77cbf40e&vjs=3,Database Engineer (DBA) (RDBMS / NOSQL),대한민국,,"능하신 분 데이터 모델링에 대한 이해도가 높고 DB기초지식이 견고하신 분 운영도구등의 개발이 가능하신 분 ( 
Python, Golang, Perl, Java 등) 현실에 안주하지 않고 자기개발에 대한 열정이 넘치시는 분 해외..."
https://kr.indeed.com//rc/clk?jk=7242281325de7ab5&fccid=58b2d64deed19aa5&vjs=3,Senior AI-SDS Brightics (Korea),대한민국,,"experience with statistics. Programming experience, ideally in 
Python, Spark, Kafka or Java... willingness to learn new..."
https://kr.indeed.com//rc/clk?jk=cfc8ccac5b45da66&fccid=ec1d0c6e548bba97&vjs=3,"Quant Trader : 퀀트, 알고리즘 트레이딩 전문 회사",서울,,"리할 수 있는 사람자신 또는 타인의 생각을 긍정적인 방향으로 항상 의심하고 개선할 수 있는 사람아이디어나 논리를 수치적으로 검증하는 능력과 습관이 있는 사람 인터넷·IT·통신·모바일·게임>빅데이터·AI(인공지능)>
Python"
https://kr.indeed.com//rc/clk?jk=7c19ff88836f8869&fccid=617504e506359426&vjs=3,고등광기술연구소 전문연구요원,광주 북구,,"고출력 펄스형/극초단 광섬유 레이저, 레이저/고암섬유 레이저, 레이저 인공지능 융합연구, matlab/
python/ FPGA / Raspberry Pi 등 (경험자 우대) 우대사항 ① 국가보훈대상자(취업보호대상자) 및..."
https://kr.indeed.com//rc/clk?jk=0f284536b918df4f&fccid=bc48816053af06b3&vjs=3,CloudNative Engineer,경기도 성남,,"Jenkins,argonCD 등의 CI/CD 서비스 운영 - 
Python등을 이용한 업무 효율화/자동화 개발 [자격요건] - Cloud... 작업 경험이 있으신 분 - 
Python,perl 등을 이용한 업무 효율화..."
https://kr.indeed.com//rc/clk?jk=7c4c26a263cfcff7&fccid=e90e80bc9ed9a53f&vjs=3,ADS User Data Analyst,대한민국,,"격요건 Metric 도출과 현상에 대한 인과관계를 데이터로 해석하여 리포팅하실 수 있으신 분 SQL, R, 
Python 등 툴을 이용한 데이터를 분석하실 수 있으신 분 긍정적인 마인드로 데이터에 대해서 세밀하게 문제를 해결하..."
https://kr.indeed.com//rc/clk?jk=3e80435be74cd28f&fccid=617504e506359426&vjs=3,블록체인인터넷경제연구센터 위촉연구원,광주 북구,,"업무) 지원자격 연구직 O명 블록체인 연구 및 프로그래밍 제작 1) SW프로그래밍 제작 경험자 2) 
Python/C/Java/Go 프로그래밍 가능자 3) 블록체인 개발 경험자 우대 4) 컴퓨터공학 및 컴퓨터사이..."
https://kr.indeed.com//rc/clk?jk=af70d21b99efd308&fccid=a792f668ea278019&vjs=3,[정보보호팀] 보안 엔지니어,서울 동작구,,"Orchestration, Automation and Response) 도구 사용 경험 - 
Python 개발 경험 - Snort, Zeek(bro), Osquery, Wazuh 혹은 상용 EDR(Endpoint..."
https://kr.indeed.com//rc/clk?jk=8f9351a6134c9885&fccid=e90e80bc9ed9a53f&vjs=3,Hbase Engineer,대한민국,,"으신 분 Hadoop 에코 시스템에 운영 경험이 있고, 이에 대한 이해도가 높으신 분 프로그래밍(Java, 
Python, Bash)이 가능하신 분 매사 긍정적이고, 책임감이 있으며 능동적이신 분 협업 및 커뮤니케이션이 원활하..."
https://kr.indeed.com//rc/clk?jk=65da831cb9d5a6b5&fccid=a0e87e3780944019&vjs=3,DGIST 계약직 연구원 및 일반직원 초빙 공고,대구 현풍면,,"구축 및 생물학 데이터 분석 Tool 개발 및 유지 다양한 프로그래밍(Java, Perl, C++, 
Python) 우대 사항 관련 분야 석사학위 소지자 유전체, 단백체, 대사체 데이터 분석 유경험자(3년 이상..."
https://kr.indeed.com//rc/clk?jk=219ea412c514e15c&fccid=842365965c1f45a0&vjs=3,(유망벤처기업)데이터 사이언티스트,서울 강남구,,"업경영 등 전공우대) 혹은 데이터 교육 이수자 -통계적 데이터 분석 및 머신러닝 관련 분야 경력 3년 이상 -
Python을 통한 데이터 분석 능력을 갖추신 분 -데이터팀 셋팅 및 리딩 경험 -실제 서비스 데이터를 이용한 분석..."
https://kr.indeed.com//rc/clk?jk=35cae46934125d29&fccid=507fcbf57c9a3b19&vjs=3,웹 개발자,고양 일산동구,"월급 2,500,000원","Browsing - 프레임워크 개발 경험 - DB - Server* Back-end 개발자 - Java, php, 
python 등 - Linux - REST API 활용 경험자 - DB - Server - CDN 연동 [근무..."
https://kr.indeed.com//rc/clk?jk=20d40ee61adffeca&fccid=32b9af632cf3b9f9&vjs=3,챗봇 및 상담 플랫폼 서버 개발자 모집,성남 판교역,,"담시스템 코어 서버 개발 (kotlin/spring) QA 시스템 백엔드 서버 개발 (java/spring, 
python/flask) 챗봇 및 상담 통계 시스템 개발 (scala/spark) 위의 업무 중 하나에 참여하게..."
https://kr.indeed.com//rc/clk?jk=74f7a29d303aab97&fccid=918575cc38afd15e&vjs=3,메가스터디IT아카데미 강남캠퍼스 빅데이터 강사,서울 마포구,,"통신·모바일·게임>빅데이터·AI(인공지능)>머신러닝|인터넷·IT·통신·모바일·게임>빅데이터·AI(인공지능)>
Python|인터넷·IT·통신·모바일·게임>빅데이터·AI(인공지능)>딥러닝|인터넷·IT·통신·모바일·게임>빅데이터..."
https://kr.indeed.com//rc/clk?jk=e97e5ff34697d5a9&fccid=403118030354e1f2&vjs=3,[KRAFTON] 음성 (TTS/STT) 딥러닝 엔지니어,서울,,"험을 보유하신 분 독창적인 기술 제시 및 문제 해결을 위한 프로그래밍 능력을 보유하신 분 (C/C++/
Python/shell 등) 오픈소스 기반 딥 러닝 프레임워크 활용 능력을 보유하신 분 (PyTorch/TensorFlow..."
https://kr.indeed.com//rc/clk?jk=2485e93043545d8a&fccid=617504e506359426&vjs=3,인간중심 지능형 시스템 연구실 위촉연구원,광주 북구,,"및 인간 대상 연구 수행) 공학 학사학위 이상 C#기반 SW개발 가능자 우대사항 ① 이외 개발언어 (
Python, C++, JAVA, MFC, QT 등) 기반 SW(앱/웹 포함) 개발 가능자 ② 인간대상연구 경험자..."
https://kr.indeed.com//rc/clk?jk=7df915e1f0f86b2d&fccid=e34932b8232a173b&vjs=3,Software Architecture 설계 엔지니어,성남 분당구,"연봉 40,000,000원 - 100,000,000원","경험 - Windows/Linux 상에서 C++/
Python 언어 사용 개발 경험 - C++ / 
Python 언어 사용 개발 경험 - 객체지향 설계에... 게임>빅데이터·AI(인공지능)>
Python|인터넷·IT·통신·모바일·게임..."
https://kr.indeed.com//rc/clk?jk=23181b6977eeccbe&fccid=c59ef9b756f9ad5c&vjs=3,"딥러닝 솔루션 개발자 (이미지, 자연어, 시계열 데이터)",성남 분당구,,"모바일·게임>빅데이터·AI(인공지능)>인공지능(AI)|인터넷·IT·통신·모바일·게임>빅데이터·AI(인공지능)>
Python|인터넷·IT·통신·모바일·게임>빅데이터·AI(인공지능)>머신러닝|인터넷·IT·통신·모바일·게임>빅데이터..."
https://kr.indeed.com//rc/clk?jk=2c1f4ddcfe63bbd0&fccid=6a7f2fa034a3fd36&vjs=3,Software Engineer - Embedded,경기도 성남,,"C (must have) and C++(optional), lua(optional), 
python(optional) and Object Oriented Programming. Deep knowledge..."
https://kr.indeed.com//rc/clk?jk=1a73f02266bc4165&fccid=dd616958bd9ddc12&vjs=3,제휴 마케팅 자동화(RPA) 시키는 LINK X PARTNERS 같이 할 분,서울 중구,"월급 2,200,000원","직무내용] 다음과 같은 업무를 진행합니다. - 
Python 기반 WEB 프로그램 개발- 연동 형 커뮤니티 프로젝트에 투입- 기타 RPA 기술 기반 기능 구현* 네이버 출신 CTO의 보조로 업무를 배우면서 진행 가능합니다..."
https://kr.indeed.com//rc/clk?jk=ded8bcea22397699&fccid=0bed8e17bc113980&vjs=3,[Janssen] Data Scientist,서울,,"Expertise in one or more programming languages... R, 
Python or SAS. • Knowledge of relational database architecture..."
https://kr.indeed.com//rc/clk?jk=073e1e39bdc58899&fccid=916ec0b265875239&vjs=3,대체투자팀(AI) 대리~부장급,대한민국,,"Quants. - Proficiency with programming language; VBA, 
Python and etc. - Patriots/Veterans' family... advantaged. 4. 면접..."
https://kr.indeed.com//rc/clk?jk=6d6a50ade4777d90&fccid=9702ca14c9a11940&vjs=3,로봇용 카메라 및 컴퓨터비전 SW개발자,서울 서초구,,"Robotics * Mendatory - Strong C/C++ Skills, Good skills on 
Python or simmilar script laguages - Strong understanding..."
https://kr.indeed.com//rc/clk?jk=6dc69836dd17be4f&fccid=3254e385986adc64&vjs=3,주식 관련 데이터 기획자 신입,서울 영등포구,,"인터넷·IT·통신·모바일·게임>빅데이터·AI(인공지능)>
Python|인터넷·IT·통신·모바일·게임>빅데이터·AI(인공지능)>빅데이터|인터넷·IT·통신·모바일·게임>데이터베이스·DBA>MySQL"
https://kr.indeed.com//rc/clk?jk=7dbaa95d22eacd29&fccid=e2652b7e13d4cb4d&vjs=3,"웹개발, 백엔드 외 경력 정규직",울산 남구,"연봉 40,000,000원 - 50,000,000원","경력(4년 이상 ) 학력사항: 대학교(4년)졸업 이상 직무기술: 웹프로그래밍, 응용프로그램개발, JAVA, 
PYTHON 기타: ㆍ다양한 업무를 신속하게 이해하고 도식화 할 수 있는 분 ㆍ고객의 소리를 듣는 귀가 지혜 있는..."
https://kr.indeed.com//rc/clk?jk=b3a6c83c9debcb92&fccid=f85375bceacb7147&vjs=3,네이버 파이낸셜 플랫폼 운영,성남 삼평동,,"Docker(kubernetes) 및 어플리케이션 배포 전략 지식 보유 - Shell script, 
python 및 web framework 등 기타 프로그래밍 언어 활용 가능 - 국가보훈대상자 및 장애인은 법령에 의거..."
https://kr.indeed.com//rc/clk?jk=abbb8df34c660e0a&fccid=d1224297334bfd66&vjs=3,"빅데이터, (AI)인공지능 외 신입/경력 인턴 (정규직전환)",서울 금천구,,"인공지능)>인공지능(AI)|인터넷·IT·통신·모바일·게임>빅데이터·AI(인공지능)>데이터분석|인터넷·IT·통신·모바일·게임>빅데이터·AI(인공지능)>
Python|인터넷·IT·통신·모바일·게임>빅데이터·AI(인공지능)>딥러닝"
https://kr.indeed.com//rc/clk?jk=b86da88c2546f564&fccid=a5b4499d9e91a5c6&vjs=3,"Software Engineer, University Graduate",서울,,"languages, including... limited to: Java, C/C++, 
Python, JavaScript, or Go. Experience working with one or more from..."
https://kr.indeed.com//rc/clk?jk=4b31a4ae3ffd862a&fccid=a6f8ff92db2e34d8&vjs=3,각 부문별 신입/경력사원,서울 중구,,"지능(AI)|전자·기계·기술·화학·연구개발>광학·의료장비>AI의료|인터넷·IT·통신·모바일·게임>웹프로그래머>
Python|인터넷·IT·통신·모바일·게임>네트워크·서버·보안>정보보안|의료·간호·보건·복지>치료·의료기사>보건의료..."
"https://kr.indeed.com//company/%EB%A8%B8%EC%8B%A0%EB%9F%AC%EB%8B%9D-%EA%B8%B0%EC%88%A0%EC%9D%84-%EA%B8%B0%EB%B0%98%EC%9C%BC%EB%A1%9C-%EC%9D%98%EB%A3%8C,-%EA%B8%88%EC%9C%B5,-%EC%9E%90%EB%8F%99%EC%B0%A8,-%ED%97%AC%EC%8A%A4%EC%BC%80%EC%96%B4,-%EA%B5%90%EC%9C%A1-%EB%93%B1-%EB%8B%A4%EC%96%91%ED%95%9C-%EB%B6%84%EC%95%BC%EC%9D%98-AI-%EA%B4%80%EB%A0%A8-%EC%82%AC%EC%97%85%EC%9D%84-%EC%B6%94%EC%A7%84%ED%95%98%EB%8A%94-%EC%9D%B8%EA%B3%B5%EC%A7%80%EB%8A%A5-%EC%A0%84%EB%AC%B8%EA%B8%B0%EC%97%85/jobs/-573e99eaf2c1624b?fccid=a6a2cb60b8f19368&vjs=3",음성인식관련 개발 음성인식 엔진개발 자연어처리 개발,서울 금천구,,"퓨터 공학 전공 또는 관련 분야의 실무 경험 - 최신 논문을 이해하고 개발 및 개선할 수 있는 능력 - 
Python, Java, C/C++ 등 프로그래밍 언어 사용 능력 - 4년제 학사 (전산 및 컴퓨터 공학 계열) - 경력..."
https://kr.indeed.com//rc/clk?jk=c40cc19fea34b701&fccid=dd616958bd9ddc12&vjs=3,System Engineering 유명포털기업,경기도,,"경험 (트러블슈팅, 성능테스트, 벤치마크 등) - 운영에 필요한 도구 개발 역량 (Shell / PHP / 
Python 등 하나 이상의 개발) - 서버 관리 환경 (모니터링, 설정관리, 프로비저닝 등) 구축 경험 ※ 우대사..."
https://kr.indeed.com//rc/clk?jk=56add096e14a7879&fccid=e696d83fde5c0f20&vjs=3,AI 연구 및 개발 직군 모집,서울 구로구,,"위한 엔지니어링 - 서비스 개발을 위한 클라우드/ Rest-API / 웹서비스 구축 등 자격요건 - 
Python에 능숙하고 C/C++ , C#등 언어에 대한 활용능력 - 딥러닝 프레임워크 사용 가능 (Pytorch 혹은..."
https://kr.indeed.com//rc/clk?jk=6aebabcddef7f514&fccid=d1f76f33badbaf8a&vjs=3,Field Application Engineer,경기도 용인,,"troubleshooting. Preferably to have coding capability (Matlab, 
Python...etc... data analysis, visualization, and algorithm..."
https://kr.indeed.com//rc/clk?jk=27dfb612c89e9d20&fccid=53cbebce99ba2c6d&vjs=3,딥러닝 엔지니어,용인 수지구,,"대졸 이상ㆍ경력 : 신입 및 경력ㆍOS 설치 가능자, PC 파워 유저[우대조건]ㆍ딥러닝 관련 교육 수료자ㆍ
Python 사용 가능자 [근무시간 및 형태] 주 5일 근무 (오전) 9시 00분~(오후) 6시 00분 주소정근로시간..."
https://kr.indeed.com//rc/clk?jk=f03820a677487093&fccid=6543bc3c9f59a6be&vjs=3,(사)한국우정기술협회 시스템 개발기획·설계 경력직,서울 중구,"월급 4,400,000원","서비스 개발기획 경험자ㆍ요구사항정의, 품질, 형상관리 등의 수행 가능자ㆍ
Python, SQL, HTML 등에 대한 이해 또는 사용 경험ㆍ기획, 디자인... 통신·모바일·게임>웹프로그래머>
Python|인터넷·IT·통신·모바일·게임..."
https://kr.indeed.com//rc/clk?jk=5158175feb7b77e8&fccid=68e364879619bd0f&vjs=3,"경력사원 상시채용(웹/모바일 개발, 인프라/보안)",서울 대치동,,"서버/네트워크 인프라 지식 및 기술 보유자 [우대사항] -웹/앱/인프라 모의해킹 경험자 -프로그램(
Python,, C, JAVA) 보안 개발 및 시큐어 코딩 가능자 -End-point 보안 취약점 조치 가능자 -보안..."
https://kr.indeed.com//rc/clk?jk=403c866fc5f43cc3&fccid=a0e87e3780944019&vjs=3,DGIST 미래자동차융합연구센터 계약직 연구원 공개 초빙 공고,대구 현풍면,,"Dataset구축기술(Annotation Tool 개발 등) 우대 사항 - S/W개발능력, C,C++,
Python, Linux환경 능숙자 - 자율주행 및 ADAS관련 프로젝트 참여경력자 - Open Framework..."
https://kr.indeed.com//rc/clk?jk=d13fce11058e6cf1&fccid=32b9af632cf3b9f9&vjs=3,보안 모니터링 시스템 개발 및 운영 담당자 모집,성남 판교역,,"이터 분석을 위한 SIEM/ETL 플랫폼 개발/운영 지원자격 기본사항 경력 3년 이상 Java, 
Python 등의 언어로 개발 가능자 기본적인 웹 개발 및 Back-End 개발 가능자 DBMS 혹은 빅데이터(NoSQL..."
https://kr.indeed.com//rc/clk?jk=dbe3257e487e5814&fccid=a72d6e5a17d52b40&vjs=3,[AI/Lab] AI 백엔드 엔지니어 (전문연구요원 가능),서울,,"플랫폼 및 시스템 구축 이런 분을 찾습니다 주도적으로 문제를 찾고, 해결할 수 있는 능력을 보유하신 분 
Python 사용 경험이 있으신 분 다음 항목 중 두 가지 이상에 해당되는 분 AWS 혹은 GCP와 같은 클라우드 플랫폼..."
https://kr.indeed.com//rc/clk?jk=55a19c92c845685e&fccid=74d05cee5b52f133&vjs=3,Developer / Designer recruit,서울 논현동,,"language (i.e 
Python, Ruby, Java, .Net... High proficiency in 
Python... knowledge... least one 
Python web framework..."
https://kr.indeed.com//rc/clk?jk=27d7e0e6e1cd10f0&fccid=3b89b9ec324f96c8&vjs=3,Application Engineer - HAV,경기도 성남,,"C/C++ for IP verification Knowledge of scripting using Perl, 
Python, Makefile with UNIX... LINUX platforms Knowledge..."
https://kr.indeed.com//rc/clk?jk=b6d169aa029a45a6&fccid=7c9b5852f21bdea3&vjs=3,[강남/스타트업] 에이스랩 자율주행 엔지니어,서울 강남구,,"공학 등 관련학사혹은 상응하는 지식- 프로그래밍 능력 (C/C++, 
python, etc)자세한 업무 및 자격 요건은 자사 홈페이지에서 확인 00 명... 통신·모바일·게임>응용프로그래머>
Python|인터넷·IT·통신·모바일·게임..."
https://kr.indeed.com//rc/clk?jk=04d685fc70b67d4e&fccid=f29c2f5a0f8ffa9d&vjs=3,Linux/Python/PHP/MySQL/백엔드 정규직 경력,용인 보정동,,"보유 - DBMS(MySQL or MariaDB), scripting Language: bash, 
python, OOP 언어 중 가능자 - Back-End 서버를 개발해 보신 분 [우대사항] - Go(aka GoLang..."
https://kr.indeed.com//rc/clk?jk=f19b8cb8881146ea&fccid=a0e87e3780944019&vjs=3,DGIST-ETH 마이크로로봇연구센터 계약직 연구원 공개 초빙 공고,대구 현풍면,,"으신 분 우대 MATLAB, 
Python 등을 사용한 기본적인 프로그래... ANSYS 등) 모델 개발 우대 사항 MATLAB, 
Python 등을 사용한 기본적인 프로그래밍 경 험자 우대 Fluorescence..."
https://kr.indeed.com//rc/clk?jk=d83fc0dd2641f483&fccid=e34932b8232a173b&vjs=3,전문연구요원 (병역특례) 수시 (AI / SW 분야),성남 분당구,"연봉 40,000,000원 - 100,000,000원","요구 능력] - ASM/C/C++/
Python 언어 코딩 기술 - 운영체제... 경험 - Windows/Linux 상에서 C++/
Python 언어 사용 개발 경험 - C++ / 
Python 언어 사용 개발 경험 - 객체지향 설계에..."
https://kr.indeed.com//rc/clk?jk=5827e320d9e8fe58&fccid=ebcd554962f400ec&vjs=3,모빌리티시스템 매니저,제주도 제주,,"경험이 있는 분 • 유관 부서와의 원활한 소통을 위한 기본적인 JSON 관리/쿼리 작성 능력을 갖춘 분 • 
Python을 능숙하게 사용할 수 있는 분 • 대용량 / 실시간 데이터 처리 아키텍처 구축과 관련된 직간접적인 경험을..."
https://kr.indeed.com//rc/clk?jk=2b9e604e63e7e46d&fccid=b1f5de6cae96f6c2&vjs=3,[카카오커머스] 기술직군,성남 분당구,,"우대사항 - 전자금융 감독규정, PCIDSS에 대한 실무 경험이나 이해도가 높으신 분 - JAVA, 
Python, shell script 등 개발 역량을 갖추신 분 - 웹/앱 취약점 진단 및 모의해킹 역량을 갖추신..."
https://kr.indeed.com//rc/clk?jk=e9ab6f9fb526d8ba&fccid=63c2495181c91e81&vjs=3,SK D&D 하반기 각 부문별 경력직,경기도,,"경험자 - 데이터 기반 비즈니스 임팩트 창출 경험 - 데이터 관련 언어 및 프레임워크 사용 우수자 (
Python, R, SQL, Pandas, TensorFlow, Pytorch, Spark 등) - 통계학, 머신러닝..."
https://kr.indeed.com//rc/clk?jk=c1a4bc58f165f954&fccid=090c0f1b0bd6f63e&vjs=3,디지털 분야 직무별 경력사원 모집 공고,서울 서초동,,"API 연동 운영 경험 ⑤ Linux, 네트워크 기본 이해 ※ 
Python, Node.js 等 다양한 언어 개발능력 Public Cloud... 구축 경험, Shell, 
Python 등 스크립트언어 활용력 우대..."
https://kr.indeed.com//rc/clk?jk=05aa5498d84c58e1&fccid=ebcd554962f400ec&vjs=3,데이터 엔지니어(신입/경력),제주도 제주,,"있는 분 • 데이터 분석팀 및 유관 부서와의 원활한 소통을 위한 기본적인 쿼리 작성 능력을 갖춘 분 • 
Python 또는 Java, Scala, C++, C# 등의 언어를 최소 1개 이상 능숙하게 사용할 수 있는 분 • 대용..."
https://kr.indeed.com//rc/clk?jk=dbc10b797be07d7b&fccid=0b93459df47e6e96&vjs=3,"(python, C++) 반려 로봇 시스템 개발자",서울 성북구,"연봉 30,000,000원","단위 소프트웨어의 기능(센서 정보 통합, 모터 제어 등)을 명확하게 정리하고, 시스템에 통합 자격요건 - 
Python, C/C++ 활용이 가능한 분 - git (git flow)을 활용할 수 있는 분 - IoT 기기 연동..."
https://kr.indeed.com//rc/clk?jk=1d387e7ee0065eae&fccid=66f3256daa1d8c41&vjs=3,(화학대기업) IT기획,성남 분당구,,"JAVA|인터넷·IT·통신·모바일·게임>웹프로그래머>PHP |인터넷·IT·통신·모바일·게임>웹프로그래머>
Python|인터넷·IT·통신·모바일·게임>웹프로그래머>ASP.NET|인터넷·IT·통신·모바일·게임>웹프로그래머>VB.NET"
https://kr.indeed.com//rc/clk?jk=efbba2803e24d3e4&fccid=36c0440f057f0110&vjs=3,(주)대은계전 기업부설연구소 연구원 (신입가능),제주 제주시,,"ㆍ컴퓨터활용능력 우수, 차량소지자, 엑셀 고급능력자 인터넷·IT·통신·모바일·게임>데이터베이스·DBA>MySQL|인터넷·IT·통신·모바일·게임>웹프로그래머>
Python|인터넷·IT·통신·모바일·게임>응용프로그래머>Linux"
https://kr.indeed.com//rc/clk?jk=4698c0e2364b5576&fccid=6007d6f6e2003d79&vjs=3,[넥슨·엔씨소프트등] 자바·파이썬 응용SW 개발자 양성교육 · 동종업계 신입 초봉5천1,서울 구로구,,"통신·모바일·게임>응용프로그래머>
Python|인터넷·IT·통신·모바일·게임... 웹프로그래머>
Python|인터넷·IT·통신·모바일·게임>웹프로그래머>웹개발|인터넷·IT·통신·모바일·게임>빅데이터·AI(인공지능)>
Python|인터넷..."
https://kr.indeed.com//rc/clk?jk=4ade52bb05545770&fccid=8833461e3072c0d4&vjs=3,[전국렌터카공제조합] 신입 및 경력직,경기도,,"웹개발|인터넷·IT·통신·모바일·게임>웹프로그래머>JSP|인터넷·IT·통신·모바일·게임>웹프로그래머>
Python|인터넷·IT·통신·모바일·게임>응용프로그래머>iOS|인터넷·IT·통신·모바일·게임>응용프로그래머>Android..."
https://kr.indeed.com//rc/clk?jk=dfb20fa220f3c478&fccid=d1224297334bfd66&vjs=3,"빅데이터, 인공지능(AI) 외 신입/경력 인턴",대한민국,,"인공지능)>인공지능(AI)|인터넷·IT·통신·모바일·게임>빅데이터·AI(인공지능)>데이터분석|인터넷·IT·통신·모바일·게임>빅데이터·AI(인공지능)>
Python|인터넷·IT·통신·모바일·게임>빅데이터·AI(인공지능)>딥러닝"
https://kr.indeed.com//rc/clk?jk=48503549ae54060e&fccid=3144f7f2a9e3c20a&vjs=3,빅데이터 분야 인재,제주 제주시,"월급 2,300,000원","통신·모바일·게임>빅데이터·AI(인공지능)>챗봇|인터넷·IT·통신·모바일·게임>빅데이터·AI(인공지능)>
Python|인터넷·IT·통신·모바일·게임>웹기획·웹마케팅·PM>웹기획|인터넷·IT·통신·모바일·게임>웹기획·웹마케팅..."
https://kr.indeed.com//rc/clk?jk=bfe0f5ac4f32ec89&fccid=32b9af632cf3b9f9&vjs=3,추천 통계분석/데이터사이언티스트,성남 판교역,,"통계, 수학 관련 분야의 석사 또는 박사 학위 소지자 숙련된 데이터분석 능력 데이터 사이언스를 위한 언어(
Python/R) 를 하나 이상 능숙하게 다룰 수 있으신 분 분석 결과를 설득력있게 전달할 수 있는 분 우대사항..."
https://kr.indeed.com//rc/clk?jk=94d2429fcb791b3d&fccid=6da356a600313e24&vjs=3,[법무법인(유) 율촌] 로펌 경영정보팀,서울 강남구,,"- 신입~3년 경력자 - SQL을 통한 데이터 추출, 분석이 가능하거나 
Python, R 등의 분석 도구를 활용한 프로그래밍이 가능한 분 - 데이터 분석... 통신·모바일·게임>웹프로그래머>
Python|인터넷·IT·통신·모바일·게임..."
https://kr.indeed.com//rc/clk?jk=55584c627df1acaa&fccid=ebcd554962f400ec&vjs=3,데이터 분석가/사이언티스트(신입/인턴 가능),제주도 제주,,"Sheet) 등 데이터 분석 도구를 원활히 다루시거나, 앞으로 원활히 다루고자 하는 의지가 높으신 분 • 
Python, R 등의 프로그래밍 언어 혹은 데이터 분석 언어를 1개 이상 능숙하게 사용 가능하신 분 전형절차 서류..."
https://kr.indeed.com//rc/clk?jk=61c3e3d37ef5d337&fccid=c601b80d5d2511f1&vjs=3,빅데이터(IT) 엔지니어 경력직 채용공고,대한민국,,"Common Data Model 관련 프로젝트 경험자 우대 라. NoSQL, Oracle, Sybase, R, 
Python 가능자 우대 마. 서버관리/정보보안, 텍스트마이닝 경험자 우대 - 담당업무 가. 데이터 레이크/데이..."
https://kr.indeed.com//rc/clk?jk=ac9068957c550cb3&fccid=32b9af632cf3b9f9&vjs=3,데이터 전문가(모델러/분석가/엔지니어) 모집,성남 판교역,,"대용량 데이터를 효율적으로 사용하기 위한 기반 데이터 가공 지원자격 데이터 사이언스를 위한 언어(R/
Python/Scala) 및 도구(scikit-learn/Spark MLlib/Tensorflow/Pytorch 등)를..."
https://kr.indeed.com//rc/clk?jk=61b0c0fde5bb6acc&fccid=683f563b5cc25b70&vjs=3,"Analyst, Data Science",서울,,"experience is added advantage Preferably candidates with SPSS, R, 
Python or other Statistical packages experience Familiar MS..."
https://kr.indeed.com//rc/clk?jk=f1b88a032cf47dfc&fccid=d577e7515229d46f&vjs=3,웹솔루션 개발 사원 (JAVA/Python),서울 구로구,,"사원 채용 (JAVA/
Python) 모집부문 및 자격요건 모집부문 공통 자격요건 자격요건 인원 웹솔루션 개발자 채용 (JAVA/
Python) ㆍ학력... javascript, jquery), 
Python 언어 사용 가능한 Web..."
https://kr.indeed.com//rc/clk?jk=7df915e1f0f86b2d&fccid=e34932b8232a173b&vjs=3,Software Architecture 설계 엔지니어,성남 분당구,"연봉 40,000,000원 - 100,000,000원","경험 - Windows/Linux 상에서 C++/
Python 언어 사용 개발 경험 - C++ / 
Python 언어 사용 개발 경험 - 객체지향 설계에... 게임>빅데이터·AI(인공지능)>
Python|인터넷·IT·통신·모바일·게임..."
https://kr.indeed.com//rc/clk?jk=78e99625e5de3c95&fccid=e34932b8232a173b&vjs=3,전문연구요원 (병역특례) 수시 (AI / HW 분야),성남 분당구,"연봉 40,000,000원 - 100,000,000원","모델의 RTL IP 설계 및 IP 검증 가능자 - Language: 
Python/Perl, C/C++ [우대 조건] - ARM based SoC 설계... Linux, shell, tcl, 
python, perl 사용 원활..."
https://kr.indeed.com//rc/clk?jk=387c6b57b19a4825&fccid=32b9af632cf3b9f9&vjs=3,[다음포털] 카카오 콘텐츠 데이터(엔지니어/사이언티스트/모델러) 모집,대한민국,,"및 인사이트 도출 모델 평가를 위한 평가 지표 개발 지원자격 팀 커뮤니케이션이 원활하신 분 R, 
Python으로 능숙한 프로그래밍이 가능하신 분 TensorFlow/Keras, PyTorch, sklearn, Spark..."
https://kr.indeed.com//rc/clk?jk=93e2d032416e273f&fccid=bed4aa505263266f&vjs=3,Software Engineer - WMS 신규 개발 및 유지보수,서울 강남구,"연봉 30,000,000원 - 60,000,000원","및 시스템 유지보수3. 자격요건- 
Python 기반 웹 애플리케이션 개발에... 론트엔드 프레임워크로 웹 어플리케이션을 개발해보신 경험이 있으신 분- 
Python, PHP 이외에 Java, Ruby, Node.js 등 다른 백엔드..."
https://kr.indeed.com//rc/clk?jk=a38c881248da7e5e&fccid=5a55c77140927a52&vjs=3,[취업연계] 파이썬 활용 빅데이터 분석 전문가 양성과정 훈련생,서울 금천구,,"게임>빅데이터·AI(인공지능)>
Python|인터넷·IT·통신·모바일·게임... 응용프로그래머>
Python|인터넷·IT·통신·모바일·게임>웹프로그래머>JAVA|인터넷·IT·통신·모바일·게임>웹프로그래머>
Python|전자·기계·기술..."
https://kr.indeed.com//rc/clk?jk=b86da88c2546f564&fccid=a5b4499d9e91a5c6&vjs=3,"Software Engineer, University Graduate",서울,,"languages, including... limited to: Java, C/C++, 
Python, JavaScript, or Go. Experience working with one or more from..."
https://kr.indeed.com//rc/clk?jk=d5f2f2df4f605b94&fccid=071ef5e261747b4b&vjs=3,2021년 금융 Data Scientist 컨설턴트,서울 종로구,,"ML 등) 또는 오픈 소프(
Python, R 등)을 활용한 데이터 분석 및... 패키지(SAS, SPSS, ML Package 등) 또는 오픈 소스(
Python, R 등)를 활용한 데이터 분석 및 모형개발 프로젝트 경험자 우대..."
https://kr.indeed.com//rc/clk?jk=864be0963e8989bd&fccid=8c0c74f377e5a7b6&vjs=3,"소프트웨어, Python 경력 정규직",서울 강남구,,"자유롭게 연락을 주시면 더 자세한 정보를 드리도록 하겠습니다. Job description은 인터넷·IT·통신·모바일·게임>소프트웨어·하드웨어>소프트웨어|인터넷·IT·통신·모바일·게임>빅데이터·AI(인공지능)>
Python"
https://kr.indeed.com//rc/clk?jk=2f10405c3308e959&fccid=74896c165d0154d6&vjs=3,2021년 전문직(데이터 분석전문가),경상북도 김천,,"게임>빅데이터·AI(인공지능)>
Python|인터넷·IT·통신·모바일·게임... 게임>응용프로그래머>인공지능(AI)|인터넷·IT·통신·모바일·게임>응용프로그래머>
Python|인터넷·IT·통신·모바일·게임>웹프로그래머>
Python"
https://kr.indeed.com//rc/clk?jk=71c47ac87bb4087e&fccid=230e414668234579&vjs=3,기술 인턴 인공지능 응용 연구/개발 인턴,서울 관악구,,"6개월) (협의) *모집 절차: 서류 à인터뷰(오프라인) *지원 자격: 프로그래밍 언어 활용 능력: 
Python, C, C++ 중 1가지 이상 데이터구조, 알고리즘 과목 이수 머신러닝과 딥러닝의 기본 개념 이해 머신러닝..."
https://kr.indeed.com//rc/clk?jk=18b288e9021d899f&fccid=f85375bceacb7147&vjs=3,NAVER IDC 서버 운영/관리,춘천 동면,,"Web, WAS에 대한 지식과 System application 운영 경험 - Shell script, 
python 활용 가능 - 해외 데이터센터 인프라 구축 또는 운영 경험 - 국가보훈대상자 및 장애인은 법령에 의거 우대..."
https://kr.indeed.com//rc/clk?jk=9acc17c535b42959&fccid=a72ebaf825acf7af&vjs=3,2021년 (신입) 전문연구요원 모집,성남 판교역,,"병역특례 전문연구요원 - 
Python/C++/Java/C# 개발 경험... 유연한 사고와 원활한 커뮤니케이션 능력 우대 - C/C++, 
Python 등 개발 숙련자 우대 공통지원자격(필수) - 해당 분야 석사 이상..."
https://kr.indeed.com//rc/clk?jk=34f22fafb415ec3c&fccid=35209469e1b8c72c&vjs=3,Data Analyst,서울 영등포구,,"가지신 분 Business Intelligence 시스템 및 비즈니스 리포팅 툴의 활용 능력 프로그래밍 언어(
Python/R, etc)를 활용하여 데이터 분석이 가능하신 분 더 나은 데이터 기반 서비스를 만들기 위해 동료들과..."
https://kr.indeed.com//rc/clk?jk=44f16e94e3e6b589&fccid=86e9be6ce380173e&vjs=3,"Staff Software Engineer, Maps & Navigation, Seoul, Korea",서울,,"industry Fluency in English Proficient in one of C++, 
Python Experience writing and shipping customer-facing code High..."
https://kr.indeed.com//rc/clk?jk=ecd0fe8ed259124a&fccid=456ef4b951cbdc8e&vjs=3,SK 브로드밴드 Biz Analyst 분야 경력사원,서울특별시,,"빅데이터 등 관련 전공자 경력 - 데이터 분석 지식 및 분석 Tool 사용가능자 (SQL, R, 
Python 등) *필수사항 - Data기반 분석 Insight 도출 및 현업 Communication 에 대한 경험..."
https://kr.indeed.com//rc/clk?jk=64e8a0d36e790764&fccid=9702ca14c9a11940&vjs=3,ASIC 디지털 로직설계 연계형 인턴,서울 서초구,,"설계 경험 - FPGA 기반의 Hardware 검증경험 - UVM 활용 역량 보유 - 스크립트 언어(
Python, Shell script, etc)를 활용한 automation 역량보유 함께하고 싶은 사람 - 새로운 것을..."
https://kr.indeed.com//rc/clk?jk=72859ab8ad9a7cd0&fccid=106c9d3ee396aa9b&vjs=3,글로벌 ICT전문가 양성과정 6기 참가자,대전 중구,,"통신·모바일·게임>빅데이터·AI(인공지능)>데이터분석|인터넷·IT·통신·모바일·게임>빅데이터·AI(인공지능)>
Python|인터넷·IT·통신·모바일·게임>빅데이터·AI(인공지능)>머신러닝|인터넷·IT·통신·모바일·게임>빅데이터..."
https://kr.indeed.com//rc/clk?jk=ded8bcea22397699&fccid=0bed8e17bc113980&vjs=3,[Janssen] Data Scientist,서울,,"Expertise in one or more programming languages... R, 
Python or SAS. • Knowledge of relational database architecture..."
https://kr.indeed.com//rc/clk?jk=3330430ae94277db&fccid=ebcd554962f400ec&vjs=3,[타다]데이터 분석가/사이언티스트,제주도 제주,,"통계에 대한 지식 및 머신러닝에 대한 지식을 보유하고 있으며, 데이터 분석 실무 경험이 풍부하신 분 • R, 
Python(Pandas, Numpy, Scikit-learn) 등의 데이터 분석을 위한 언어를 1개 이상 능숙하게..."
https://kr.indeed.com//rc/clk?jk=5e7e4d7e2d4f11d2&fccid=ae7b6a6d5fba207b&vjs=3,[전액무료] 뉴딜인턴연계과정 정보보호 인재양성과정 교육생,서울,,"로그래머>백엔드|인터넷·IT·통신·모바일·게임>웹프로그래머>프론트엔드|인터넷·IT·통신·모바일·게임>웹프로그래머>
Python|인터넷·IT·통신·모바일·게임>웹프로그래머>ASP.NET|인터넷·IT·통신·모바일·게임>웹프로그래머..."
https://kr.indeed.com//rc/clk?jk=0064deb5fa9cbce0&fccid=32b9af632cf3b9f9&vjs=3,데이터 사이언티스트 모집,성남 판교역,,"양한 실험을 통해 알고리즘을 개선합니다. 지원자격 지원자격 하나 이상의 프로그래밍 언어에 익숙한 분(
Python, Java, C/C++, Scala 등) 머신러닝/딥러닝 오픈소스를 이용하여 1년 이상 특정 서비스에 모델..."
https://kr.indeed.com//rc/clk?jk=a621e7d486f97ea5&fccid=bbb44b94ab8f66a9&vjs=3,2021 ICT 이노베이션 블록체인&AI 교육생,창원 마산회원구,,"게임>빅데이터·AI(인공지능)>
Python|인터넷·IT·통신·모바일·게임... 로그래머>인공지능(AI)|인터넷·IT·통신·모바일·게임>응용프로그래머>
Python|인터넷·IT·통신·모바일·게임>응용프로그래머>머신러닝(ML)|인터넷..."
https://kr.indeed.com//rc/clk?jk=100cb32e95d18fc1&fccid=842365965c1f45a0&vjs=3,[대형증권사] IT보안,서울 강남구,,"기획 운영 - 인증서비스 마케팅 - 신원확인업무 기획 학력사항: 대학교(4년)졸업 -이공계 전공, C#,
Python,JavaScript,SQL 사용 가능 우대 0 명 근무조건 고용형태: 정규직급여조건: 연봉 협의 후 결정..."
https://kr.indeed.com//rc/clk?jk=d17da0baecf05910&fccid=9635ff240e3de5f6&vjs=3,데이터 분야 경력,서울,,"해가 뛰어난 자 - R, 
Python, SAS, SQL 등 활용 역량 우대사항(해당 내용 중 1개 이상) - ML/DL 경험 인력 우대 - 관련 분야 석사 이상 학위 소지자 우대 - R, 
Python등 데이터분석 모델링 경험..."
https://kr.indeed.com//rc/clk?jk=05121752364559cb&fccid=2f8799a5ef214646&vjs=3,[보안] 보안 솔루션 엔지니어(정규직),대한민국,,"고도화 및 효율화 - 정보보호시스템 로그 관리 및 분석 [자격사항] - 보안 관련 실무 경력 3년 이상 - 
Python, Shell 등 언어 사용 능력을 보유한 분 - 상용 솔루션 및 각종 OS 등의 취약점 분석 및 대응..."
https://kr.indeed.com//rc/clk?jk=df21e3bb5d773616&fccid=6cddb172d498d15c&vjs=3,Python Programmer,서울 서초구,,"개발 – JAVA 프로그래밍(라이브러리 활용) – Spring 프레임 워크 개발 – 
Python API 프로그래밍 우대사항 – 
Python 개발 경험 – Open Source 라이브러리 개발경험 – Web 표준에 대한 경험..."
https://kr.indeed.com//rc/clk?jk=2f879096f68e9714&fccid=a0cfd8e178006c0c&vjs=3,"[대기업] 딥러닝(AI) 영상분석(영상인식, 얼굴인식)",서울,,"공지능)>딥러닝|인터넷·IT·통신·모바일·게임>빅데이터·AI(인공지능)>
Python|인터넷·IT·통신·모바일·게임>빅데이터·AI(인공지능)>데이터분석... 통신·모바일·게임>응용프로그래머>
Python|인터넷·IT·통신·모바일·게임..."
https://kr.indeed.com//rc/clk?jk=9f0ce22eee4259bb&fccid=9f79764f53fd4ade&vjs=3,"교육 기획/운영, 시스템 기획",서울 성동구,"연봉 32,000,000원 - 36,000,000원","Science, Data Science, AI, Algorithm, 
Python 등... 데이터 분석, 인공지능, 프로그래밍 언어) 교육에 관심... AI, Algorithm, 
Python 등)• IT(데이터 분석, 인공지능..."
https://kr.indeed.com//rc/clk?jk=2b2dcd3ffe3d53df&fccid=32b9af632cf3b9f9&vjs=3,카카오 데이터의 가치를 발굴할 데이터 분석가 모집,성남 판교역,,"기술 통계량 이해 및 해석) 데이터 분석 업무를 수행할 수 있는 언어 스킬 필수 SQL 필수 R 또는 
Python을 다룰 수 있는 분 (SAS, SPSS, GA, tableau 등 통계 툴만 사용 가능한 경우 제외) 하둡..."
https://kr.indeed.com//rc/clk?jk=0a93d7d77f18285e&fccid=d055cc580fb1a1d9&vjs=3,한양디지텍(주) 기술연구소 신입직원,경기도 화성,"연봉 30,000,000원 - 35,000,000원","C++|인터넷·IT·통신·모바일·게임>응용프로그래머>VoIP|인터넷·IT·통신·모바일·게임>응용프로그래머>
Python|인터넷·IT·통신·모바일·게임>네트워크·서버·보안>정보시스템|인터넷·IT·통신·모바일·게임>네트워크·서버..."
https://kr.indeed.com//rc/clk?jk=06d133676285b02e&fccid=a72ebaf825acf7af&vjs=3,보안 분야,성남 판교역,,"계층별/영역별 취약점에 대한 충분한 이해 - CVE 보안취약점 분석 및 대응 역량 - C, Java, 
Python 등을 통한 업무 자동화 및 분석도구 개발 경험 - 리버스 엔지니어링에 능숙하거나 다수의 버그바운티 참여..."
https://kr.indeed.com//rc/clk?jk=36df1dfea186e63e&fccid=f1374be6a45f4b8a&vjs=3,BIOS/Firmware Engineer,서울,,"years experience required on BIOS/Firmware - Knowledge of C, 
Python... other programming or scripting languages - Broad..."
https://kr.indeed.com//rc/clk?jk=e8a4630bec0783e8&fccid=f770da67b3b51c62&vjs=3,2021 Market Data Analyst - Seoul,서울,,"work experience using one more programming language... 
Python, SQL and R Fluency in Korean and English (both spoken..."
https://kr.indeed.com//rc/clk?jk=649ccf047c868778&fccid=7c743c071619900d&vjs=3,"금융 데이터 분석 엔진, 로보어드바이저 개발자",서울 영등포구,,"시스템, 머신러닝, 자연어처리. 패턴분석 - 다음 언어에서 최소 한 가지 이상 능숙자: Java, C++, 
Python, JavaScript 우대사항 - 석사이상 컴퓨터공학 (Computer Science) 분야 또는..."
https://kr.indeed.com//rc/clk?jk=a1a89406f38aabeb&fccid=e90e80bc9ed9a53f&vjs=3,Social Media Data Analyst,대한민국,,"경력이 있으신 분 주체적으로 도메인 업무를 분석하여 정리하는 데 익숙하신 분 데이터 분석 및 추출을 위한 
Python 언어를 사용할 수 있으신 분 긍정적으로 다른 분야의 팀과 작업 및 협업할 수 있으신 분 관계형 DB의 사용..."
https://kr.indeed.com//rc/clk?jk=8c8c96a3ffac77f8&fccid=27d5ff5361e13c7a&vjs=3,데이터 엔지니어 경력 정규직,서울 중구,"연봉 60,000,000원 - 70,000,000원","Redshift, Snowflake 등) 설계, 개발, 운영 경험• 
Python/R/dbt, Kafka/Airflow 등을 사용하여 데이터 전처리를... 게임>빅데이터·AI(인공지능)>
Python|인터넷·IT·통신·모바일·게임..."
https://kr.indeed.com//rc/clk?jk=c10064bea1536bfd&fccid=69336e32fe9e6086&vjs=3,[ICT 확산사업] 2021년 블록체인 교육비 무료 교육생,서울,,"통신·모바일·게임>빅데이터·AI(인공지능)>데이터분석|인터넷·IT·통신·모바일·게임>빅데이터·AI(인공지능)>
Python|인터넷·IT·통신·모바일·게임>빅데이터·AI(인공지능)>머신러닝|인터넷·IT·통신·모바일·게임>빅데이터..."
https://kr.indeed.com//rc/clk?jk=eaee1538d8cc832f&fccid=aba87288e4cc3687&vjs=3,메시지발송 플랫폼 개발자,성남 분당구,,"개발 가능하면서 
python 개발 경험 소유자(또는 
Python 개발 가능... NET 또는 
python 개발 경력 5년이상 - 자동화를 위한 스크립트(powershell, bash, 
python 등) 경험 - Windows..."
https://kr.indeed.com//rc/clk?jk=1a73f02266bc4165&fccid=dd616958bd9ddc12&vjs=3,제휴 마케팅 자동화(RPA) 시키는 LINK X PARTNERS 같이 할 분,서울 중구,"월급 2,200,000원","직무내용] 다음과 같은 업무를 진행합니다. - 
Python 기반 WEB 프로그램 개발- 연동 형 커뮤니티 프로젝트에 투입- 기타 RPA 기술 기반 기능 구현* 네이버 출신 CTO의 보조로 업무를 배우면서 진행 가능합니다..."
https://kr.indeed.com//rc/clk?jk=130a45c6509d921f&fccid=c5de7e4571bb1a5a&vjs=3,"(주)딥인스펙션 인공지능 기반 S/W개발자 (연구원,팀장)",서울 송파구,"연봉 25,000,000원 - 36,000,000원","인공지능 관련 개발 유경험자 - 정부 R&D과제 수행 경험자 - 
Python, C/C++,Java 사용가능자, 정보처리기사소유자, 개발방법론에 따른... 용프로그래머>C#|인터넷·IT·통신·모바일·게임>응용프로그래머>
Python"
https://kr.indeed.com//rc/clk?jk=f03820a677487093&fccid=6543bc3c9f59a6be&vjs=3,(사)한국우정기술협회 시스템 개발기획·설계 경력직,서울 중구,"월급 4,400,000원","서비스 개발기획 경험자ㆍ요구사항정의, 품질, 형상관리 등의 수행 가능자ㆍ
Python, SQL, HTML 등에 대한 이해 또는 사용 경험ㆍ기획, 디자인... 통신·모바일·게임>웹프로그래머>
Python|인터넷·IT·통신·모바일·게임..."
https://kr.indeed.com//rc/clk?jk=77dfad5a778a94c2&fccid=b95f9eb47968fa13&vjs=3,Senior Data Scientist,서울,,"leadership. Fluency... least one scripting language (e.g. 
Python, R) Fluency in English local office language is required..."
https://kr.indeed.com//rc/clk?jk=74f7a29d303aab97&fccid=918575cc38afd15e&vjs=3,메가스터디IT아카데미 강남캠퍼스 빅데이터 강사,서울 마포구,,"통신·모바일·게임>빅데이터·AI(인공지능)>머신러닝|인터넷·IT·통신·모바일·게임>빅데이터·AI(인공지능)>
Python|인터넷·IT·통신·모바일·게임>빅데이터·AI(인공지능)>딥러닝|인터넷·IT·통신·모바일·게임>빅데이터..."
https://kr.indeed.com//company/%EA%B5%AD%EB%82%B4-%EB%8C%80%EA%B8%B0%EC%97%85-%EA%B3%84%EC%97%B4%EC%82%AC/jobs/%EB%A7%88%EC%BC%80%ED%8C%85-%EB%8D%B0%EC%9D%B4%ED%84%B0%EB%B6%84%EC%84%9D-%EB%B0%8F-Crm-%EB%8B%B4%EB%8B%B9%EC%9E%90-e4f5b472ca9e41df?fccid=2bd36455b6620202&vjs=3,마케팅 데이터분석 및 CRM 담당자,서울,,"마케팅 데이터분석 및 인사이트 도출 경력자 - 대용량 데이터 분석 툴 활용 역량 (SQL 및 SAS, R, 
Python 등) - 통계 지식 보유 및 데이터 모델링 가능자 우대 - CRM 업무 유경험자 우대 - 데이터분석 자격..."
https://kr.indeed.com//rc/clk?jk=4c7e98ddd79dcedf&fccid=fe2d21eef233e94a&vjs=3,Cloud Architect,서울,,"through DevOps scripting (E.g. Shell, 
Python) · Configuration management using... 데브옵스 스크립작성 (Shell, 
Python 등)을 통한 인프라 자동화..."
https://kr.indeed.com//rc/clk?jk=b574f1454ae36aab&fccid=0b476c4a7add47fe&vjs=3,Cross Border Ecommerce - Business Intelligence (Based in Seo...,서울,,"business analyst related roles Proficient in SQL and 
Python Strong analytical skill and sensitivity to data Strong oral..."
https://kr.indeed.com//rc/clk?jk=3e7b756ca8ec169f&fccid=37990b5beed1fd68&vjs=3,가상화 엔지니어 정규직,서울 서초구,"연봉 40,000,000원 - 50,000,000원","DM/NV 등) 우대사항 1) 정보처리산업기사 이상의 자격을 보유하신 분 2) PowerShell/Bash/
Python 등 System Script 경험이 있는 분 기타정보 1) 삼성전자 반도체 사업장 VMware 가상화..."
https://kr.indeed.com//rc/clk?jk=02f450f1246c5489&fccid=8b5daccfce9a8844&vjs=3,[서울지사][던파모바일2D] 서버 빌드 담당자,제주도,,"C/C++ 사용이 능숙하신 분 우대사항 - DevOps 관련 경험 - 하나 이상의 스크립트 언어 ( 
Python, PowerShell, Bash, Groovy… )에 능숙하신 분 - Windows/Linux 서버 운영체제에..."
https://kr.indeed.com//rc/clk?jk=7fdcd7a7457b1e93&fccid=bc48816053af06b3&vjs=3,데이터 분석,경기도 성남,,"의 서비스 이용/소비형태/이상현상과 트렌드 변화가 궁금하신 분 - B2C서비스 데이터 분석 직군에서 데이터 핸들링 경험이 있으신 분 - SQL,Excel,R,
Python 등을 이용하여 데이터 추출 또는 분석이 가능하신 분"
https://kr.indeed.com//rc/clk?jk=dbe3257e487e5814&fccid=a72d6e5a17d52b40&vjs=3,[AI/Lab] AI 백엔드 엔지니어 (전문연구요원 가능),서울,,"플랫폼 및 시스템 구축 이런 분을 찾습니다 주도적으로 문제를 찾고, 해결할 수 있는 능력을 보유하신 분 
Python 사용 경험이 있으신 분 다음 항목 중 두 가지 이상에 해당되는 분 AWS 혹은 GCP와 같은 클라우드 플랫폼..."
https://kr.indeed.com//rc/clk?jk=cf747f81b4fab2cc&fccid=57ed5f0210b0681a&vjs=3,Field Application Engineer,대한민국,,"flexible - Middlelevel knowledge of Linux/Unix OS - Preferredto have high-level programming skill for 
python and lualanguage."
https://kr.indeed.com//rc/clk?jk=a0de4bbbb54edf73&fccid=58a9a803698a0afd&vjs=3,Marketing Software Engineer,서울 강남구,,"ETL 설계, 구현, 관리< 인터넷·IT·통신·모바일·게임>웹프로그래머>
Python|인터넷·IT·통신·모바일·게임>빅데이터·AI(인공지능)>
Python|인터넷·IT·통신·모바일·게임>빅데이터·AI(인공지능)>빅데이터|인터넷..."
https://kr.indeed.com//rc/clk?jk=9ab2041ab3380a21&fccid=32b9af632cf3b9f9&vjs=3,카카오톡 안티어뷰징을 위한 데이터/백엔드 엔지니어 및 머신러닝 전문가 모집,성남 판교역,,"Engineer, Data Scientist 해당 분야에서 활용되는 언어 및 도구를 능숙하게 다룰 수 있는 분(
Python, Scala, PyMC, PySpark, Tensorflow 등) 우대 사항 컨테이너 환경에서의..."
https://kr.indeed.com//rc/clk?jk=56ae562b9563988d&fccid=de71a49b535e21cb&vjs=3,Cognitive and AI Engineer,서울,,"data science skills : Machine Learning, Deep Learning, Watson, 
Python, R, Spark Web application development skills Required..."
https://kr.indeed.com//rc/clk?jk=56add096e14a7879&fccid=e696d83fde5c0f20&vjs=3,AI 연구 및 개발 직군 모집,서울 구로구,,"위한 엔지니어링 - 서비스 개발을 위한 클라우드/ Rest-API / 웹서비스 구축 등 자격요건 - 
Python에 능숙하고 C/C++ , C#등 언어에 대한 활용능력 - 딥러닝 프레임워크 사용 가능 (Pytorch 혹은..."
https://kr.indeed.com//rc/clk?jk=9f88e81a1f0da08f&fccid=96ed9206154421fe&vjs=3,"비전인식, 인공지능(AI) 외 신입/경력 정규직",세종특별자치시,,"python/pytorch를 이용한 AI 솔루션 개발 경험 유 Linux... 학력사항: 대학교(4년)졸업 이상직무기술: 정보통신, 전산직기타: 
python/pytorch를 이용한 AI 솔루션 개발 경험 유Linux 활용 능력..."
https://kr.indeed.com//rc/clk?jk=4b31a4ae3ffd862a&fccid=a6f8ff92db2e34d8&vjs=3,각 부문별 신입/경력사원,서울 중구,,"지능(AI)|전자·기계·기술·화학·연구개발>광학·의료장비>AI의료|인터넷·IT·통신·모바일·게임>웹프로그래머>
Python|인터넷·IT·통신·모바일·게임>네트워크·서버·보안>정보보안|의료·간호·보건·복지>치료·의료기사>보건의료..."
https://kr.indeed.com//rc/clk?jk=c130ad24ffc25b72&fccid=62e29f1ce04435f3&vjs=3,기술연구소 (AI연구 및 Python개발 / 드론 영상처리),고양 덕양구,,"어링 기술연구소 (AI연구 및 
Python개발 / 드론 영상처리) 채용 4... 프로그래밍 ㆍBig Data 활용 및 Smart plant ㆍR 및 
Python 기반 프로그램 개발 ㆍ정부출연사업 제안서 작성 [근무부서 및 직급..."
https://kr.indeed.com//rc/clk?jk=5964e895e5eaa8e5&fccid=aba87288e4cc3687&vjs=3,백엔드 개발자,성남 분당구,,"주로 ASP.Net Core 로 개발 되어 있으며, akka.net. 
python, golang 으로 되어 있는 서비스들도 있기 때문에, 원하시는... asp.net core, C# 나 
python 개발에 능숙 하신 분..."
https://kr.indeed.com//rc/clk?jk=96f1d761ebe9f845&fccid=a5b4499d9e91a5c6&vjs=3,"Lead Software Engineer, Google Search",서울,,"related technical field. Experience coding in C++, 
Python, or Java. Ability to speak and write in English fluently..."
https://kr.indeed.com//rc/clk?jk=ffd9cedb23e97344&fccid=df5e7ec512668ebf&vjs=3,파이썬SW 금융분야 특화 챗봇 개발 함께 할 엔지니어,서울 충정로역,,"처리 과정을 
Python language로 구현 - Big data 처리를 위한 SW 개발 - Backend SW 구현, Messenger interface, DBMS I/F 구현 Requirement - 
Python..."
https://kr.indeed.com//rc/clk?jk=4c4cadbbd7e9217a&fccid=30773a412646b7f9&vjs=3,Video Picture Quality algorithm Engineer,서울 강남구,,"field - Proficient in algorithm development in C/C++ or 
python - Experiences in image/video processing or computer vision..."
https://kr.indeed.com//rc/clk?jk=6fc2719750916dd3&fccid=f1374be6a45f4b8a&vjs=3,Deep Learning R&D Engineer,서울,,"MxNet - Strong programming skills with C/C++ and 
Python - Experiences in programming and testing on Linux environment..."
https://kr.indeed.com//rc/clk?jk=ad07d6a330fb619a&fccid=a72ebaf825acf7af&vjs=3,NHN Cloud 운영 및 기술지원,성남 판교역,,"Linux, Microsoft Solutions 등) - 2년 이상의 개발 경험 (Java, 
Python 등) - 기술 문서 작성 및 가이드 경험이 풍부한 자 - 대외 고객 기술 지원 경험 - Windows..."
https://kr.indeed.com//rc/clk?jk=87309d3ff40ead61&fccid=ce871e9e4a9f430a&vjs=3,딥러닝 AI 개발 연구원,성남 수정구,,"시스템프로그래머>임베디드(Embedded)|인터넷·IT·통신·모바일·게임>응용프로그래머>C·C++|인터넷·IT·통신·모바일·게임>응용프로그래머>Linux|인터넷·IT·통신·모바일·게임>빅데이터·AI(인공지능)>
Python"
https://kr.indeed.com//rc/clk?jk=3bffe1e1d95fe097&fccid=629bf66c8ed71fe3&vjs=3,웹서비스 시스템 개발 및 유지보수 - 우량벤쳐기업,서울 서초구,,"Spring 등) 경력자 - MySQL, MS-SQL Server 등 RDBMS 운영 경험자 (우대 역량) - 
Python - Node.js - 통계분석 및 Machine Learning에 대한 이해도 1 명 근무조건 고용형..."
https://kr.indeed.com//rc/clk?jk=6222ccd51e1464f0&fccid=fe2d21eef233e94a&vjs=3,Application Architect,서울,,"C#, Swift, Node.js, 
Python, Go, or Ruby... JavaScript, C / C ++, C #, Swift, Node.js, 
Python, Go 또는 Ruby 중 두 개 이상의 언어를 활용한 코딩..."
https://kr.indeed.com//rc/clk?jk=4e392c1047610838&fccid=1a2ad6e91eddf8d0&vjs=3,프론트엔드/벡엔드 경력자,서울 강남구,,"래머>PHP |인터넷·IT·통신·모바일·게임>웹프로그래머>JAVA|인터넷·IT·통신·모바일·게임>웹프로그래머>백엔드|인터넷·IT·통신·모바일·게임>웹프로그래머>프론트엔드|인터넷·IT·통신·모바일·게임>웹프로그래머>
Python"
https://kr.indeed.com//rc/clk?jk=79304a56b5a6379b&fccid=bea74927fd353048&vjs=3,Business Analyst,대한민국,,"engineering related research. • Broad working knowledge of 
Python, Excel (inc. automation skills), Relational DBs, SQL..."
https://kr.indeed.com//rc/clk?jk=5123207a169f90eb&fccid=9be12e4be3d1efa6&vjs=3,Lead AI Platform Developer,서울,,"Stacks [Back-end] Language: 
python, golang 
Python Framework: Django, Bottle [Front... Language: 
python, golang 
Python Framework..."
https://kr.indeed.com//rc/clk?jk=70f302383ef2ebc4&fccid=b421b424b12635d9&vjs=3,Expat: Experimental Physicist / Engineer for Electron Optics...,경기도 화성,,"Experience in using office programs and Unix (Linux) 
Python and Jira experience is preferred. Deliberate and organized work..."
https://kr.indeed.com//rc/clk?jk=f2be917c394cbe91&fccid=3b313b141cfce3cf&vjs=3,(주)코인플러그 서버 개발자,성남 분당구,,"능숙한 자ㆍ블록체인 기술에 관심이 많은 자[우대사항] ㆍgoLang, 
python, Java, kotlin, node.js 중 한가지 언어 이상 개발... 템분석·설계>AWS|인터넷·IT·통신·모바일·게임>웹프로그래머>
Python"
https://kr.indeed.com//rc/clk?jk=464ef95516a5fa5c&fccid=ac216a9ae7b75c06&vjs=3,8퍼센트 경력 개발자,서울 종로구,,"개발업무 - 금융 서비스 개발 - 
Python/Django 기반 - 정해진 역할이 아닌 기능에 따른 업무 분배 - 프로트엔드부터 백엔드까지 업무 범위... SQL 기본 - git flow - 
python, django 경험자 우대"
https://kr.indeed.com//rc/clk?jk=9c4f4236ac42f224&fccid=ebcd554962f400ec&vjs=3,DBA 엔지니어,제주도 제주,,"시계열 데이터베이스(InfluxDB) 구축 운영 경험이 있으신 분 • 자동화를 위한 스크립트 (Shell, 
Python, Ansible) 지식을 보유하신 분 • 새로운 기술 도입에 대한 오픈 마인드를 가지고 계신 분 전형절차..."
https://kr.indeed.com//rc/clk?jk=e21dcac9755eb411&fccid=6ecf392a15407b3e&vjs=3,전장부품사업부 신입(석사)/경력사원,서울 마곡역,,"컴퓨터/소프트웨어공학 전공자 (신입은 석사, 경력은 학사 이상 학위 소지자) - C/C++/MFC, 
Python, Matlab 프로그램 가능자 - 영상/신호처리/ISP개발 유경험자 - Business 영어회화 가능자..."
https://kr.indeed.com//rc/clk?jk=a2b38b230474e622&fccid=32b9af632cf3b9f9&vjs=3,카카오 전사 QA 모집,성남 판교역,,"협업도구 (JIRA, Github 등)에 대한 경험이 있으신 분 테스트자동화 설계경험자 혹은 스크립트 언어(
python, java, javascript 등) 가능자 긍정적인 마인드와 유연한 커뮤니케이션 능력 보유 능동적이고..."
https://kr.indeed.com//rc/clk?jk=daf368b058329dad&fccid=3b84f00d9022664d&vjs=3,신입 및 경력 사원,창원 의창구,,"통신, 빅데이터 처리, 시스템 소프트웨어 개발, 앱개발, 웹서버 - 프로그래밍 언어: C/C++, C#, 
Python, Java 등 [근무시간 및 형태] 주 5일 근무 (오전) 9시 00분~(오후) 6시 00분 주소정근로시간..."
https://kr.indeed.com//rc/clk?jk=0ac64c7119cbfcfb&fccid=37990b5beed1fd68&vjs=3,코스닥 상장기업 OCEAN 개발,서울 강남구,"연봉 40,000,000원 - 50,000,000원","요구사항 1) IT 개발 총 경력이 5년 이상인 분 2) 전체 경력 중 
Python을 이용한 개발 경험이 2년 이상 있는 분 3) Javascript... 개발 경험이 있는 분 기타정보 1) 
Python 개발과 Front-end..."
https://kr.indeed.com//rc/clk?jk=7dbaa95d22eacd29&fccid=e2652b7e13d4cb4d&vjs=3,"웹개발, 백엔드 외 경력 정규직",울산 남구,"연봉 40,000,000원 - 50,000,000원","경력(4년 이상 ) 학력사항: 대학교(4년)졸업 이상 직무기술: 웹프로그래밍, 응용프로그램개발, JAVA, 
PYTHON 기타: ㆍ다양한 업무를 신속하게 이해하고 도식화 할 수 있는 분 ㆍ고객의 소리를 듣는 귀가 지혜 있는..."
https://kr.indeed.com//rc/clk?jk=7a10f3521337083b&fccid=c267f29f0f85e8b8&vjs=3,"Perception Engineer, Deep Learning - Autonomous Vehicles",서울,,"PyTorch, etc). Strong programming skills in C++... 
python. Outstanding communication and collaboration skills as we..."
https://kr.indeed.com//rc/clk?jk=55a19c92c845685e&fccid=74d05cee5b52f133&vjs=3,Developer / Designer recruit,서울 논현동,,"language (i.e 
Python, Ruby, Java, .Net... High proficiency in 
Python... knowledge... least one 
Python web framework..."
https://kr.indeed.com//rc/clk?jk=e8bbe081133f8cd6&fccid=9635ff240e3de5f6&vjs=3,보안분야 경력,서울,,"정보보호 자격증 보유 ② 네트워크 스캐닝 및 서버OS침투 경험 ③ 
Python Exploit 작성 가능, 해킹대회 수상 ④ 웹, 모바일앱 등 다양한... SCADA 프로토콜 이해 ③ 
Python Exploit 작성 가능 상세..."
https://kr.indeed.com//rc/clk?jk=acbfdde7a35b4b94&fccid=dd616958bd9ddc12&vjs=3,AI/Big Data (실장급) 국내 대기업,경기도,,"통계학 관련 분야 석사 이상 취득자 (박사 학위 우대) - 데이터 모델링 및 분석 역량 - 통계 지식(R,
Python,C#등 프로그램 활용 가능자 우대) - 알고리즘 설계 역량 - AI/Big Data 분야 컨설팅 역량..."
https://kr.indeed.com//rc/clk?jk=2b2dcd3ffe3d53df&fccid=32b9af632cf3b9f9&vjs=3,카카오 데이터의 가치를 발굴할 데이터 분석가 모집,성남 판교역,,"기술 통계량 이해 및 해석) 데이터 분석 업무를 수행할 수 있는 언어 스킬 필수 SQL 필수 R 또는 
Python을 다룰 수 있는 분 (SAS, SPSS, GA, tableau 등 통계 툴만 사용 가능한 경우 제외) 하둡..."
https://kr.indeed.com//rc/clk?jk=e99d30a8f6947b41&fccid=32b9af632cf3b9f9&vjs=3,모니터링 솔루션 개발자 모집,성남 판교역,,"개발/운영 2년 이상 서버 개발자 Java/Spring 기반 웹 서비스 개발 경력 2년 이상 서버 개발자 
Python 기반 백엔드 시스템 또는 라이브러리 개발 프로젝트 실무 3년 이상 서버 개발자 ✔︎ 우대조건 다양한..."
https://kr.indeed.com//rc/clk?jk=43f8edb38c7888c7&fccid=2f8799a5ef214646&vjs=3,[위메프오] 서버개발자(정규직),대한민국,,"데이터베이스 분산설계 및 미들웨어 개발 [자격사항] - 서버 프로그래밍 언어(PHP, Go, C/C++, 
Python, Java) 중 1개 이상 사용이 가능한 분 - 자료구조, 알고리즘, 분산처리 등 SW관련 기본지식 보유..."
https://kr.indeed.com//rc/clk?jk=78e99625e5de3c95&fccid=e34932b8232a173b&vjs=3,전문연구요원 (병역특례) 수시 (AI / HW 분야),성남 분당구,"연봉 40,000,000원 - 100,000,000원","모델의 RTL IP 설계 및 IP 검증 가능자 - Language: 
Python/Perl, C/C++ [우대 조건] - ARM based SoC 설계... Linux, shell, tcl, 
python, perl 사용 원활..."
https://kr.indeed.com//rc/clk?jk=64c48a9c08f975f7&fccid=205b02ce77cbf40e&vjs=3,Fintech Machine Learning Engineer,대한민국,,"등 Hadoop 생태계 사용 경험, 대용량 서비스 처리 경험이 있으신 븐 데이터 분석 프로그램(SQL, 
Python 등)을 활용한 데이터 분석 역량을 보유하신 분 팀워크 및 멤버 간 수평 구조를 중시하며 유연하고 긍정적인..."
https://kr.indeed.com//rc/clk?jk=dc74730c92ce5050&fccid=35209469e1b8c72c&vjs=3,Data Scientist,서울 영등포구,,"기반 예측, 모델링 프로젝트 경험자 데이터 분석/모델링을 위한 언어 및 프레임워크 사용에 익숙하신 분 (
Python, R, SQL, Pandas, TensorFlow, Pytorch, Spark 등) 회사 내부 구성원들과..."
https://kr.indeed.com//rc/clk?jk=e36b281df2933890&fccid=2f8799a5ef214646&vjs=3,[위메프서비스] E-Commerce 데이터엔지니어/NLP개발자(정규직),대한민국,,"개발 경력 3년 이상 - 분산파일 시스템 Hadoop 및 Spark 경험이 있는 분 - Java 및 
Python 개발 능력을 보유한 분(중급 이상) - Hadoop Ecosysterm 운영 및 유지보수 경험이 있는 분..."
https://kr.indeed.com//rc/clk?jk=6fd6ccb4bd8c51bf&fccid=d96a4331420edf12&vjs=3,한국기술교육대학교 기계공학부 대우교수(강의중점),충청남도,,"가능한 자 ？ 유체관련 전공자로서 기본적인 C, C++, C# 또는 
Python 언어 강의가 가능한 자 결격사유 ？ 사립학교 교원임용에 결격사유가... 본적인 C, C++, C# 또는 
Python 언어 강의가 가능한 자 전형단..."
https://kr.indeed.com//rc/clk?jk=9f88e81a1f0da08f&fccid=96ed9206154421fe&vjs=3,"비전인식, 인공지능(AI) 외 신입/경력 정규직",세종특별자치시,,"python/pytorch를 이용한 AI 솔루션 개발 경험 유 Linux... 학력사항: 대학교(4년)졸업 이상직무기술: 정보통신, 전산직기타: 
python/pytorch를 이용한 AI 솔루션 개발 경험 유Linux 활용 능력..."
https://kr.indeed.com//rc/clk?jk=5964e895e5eaa8e5&fccid=aba87288e4cc3687&vjs=3,백엔드 개발자,성남 분당구,,"주로 ASP.Net Core 로 개발 되어 있으며, akka.net. 
python, golang 으로 되어 있는 서비스들도 있기 때문에, 원하시는... asp.net core, C# 나 
python 개발에 능숙 하신 분..."
https://kr.indeed.com//rc/clk?jk=0064deb5fa9cbce0&fccid=32b9af632cf3b9f9&vjs=3,데이터 사이언티스트 모집,성남 판교역,,"양한 실험을 통해 알고리즘을 개선합니다. 지원자격 지원자격 하나 이상의 프로그래밍 언어에 익숙한 분(
Python, Java, C/C++, Scala 등) 머신러닝/딥러닝 오픈소스를 이용하여 1년 이상 특정 서비스에 모델..."
https://kr.indeed.com//rc/clk?jk=2f879096f68e9714&fccid=a0cfd8e178006c0c&vjs=3,"[대기업] 딥러닝(AI) 영상분석(영상인식, 얼굴인식)",서울,,"공지능)>딥러닝|인터넷·IT·통신·모바일·게임>빅데이터·AI(인공지능)>
Python|인터넷·IT·통신·모바일·게임>빅데이터·AI(인공지능)>데이터분석... 통신·모바일·게임>응용프로그래머>
Python|인터넷·IT·통신·모바일·게임..."
https://kr.indeed.com//rc/clk?jk=b66e8ebedaabf145&fccid=dd616958bd9ddc12&vjs=3,AI 개발자 헬스케이 플랫폼 기업,서울특별시,,"경력 5년 이상 - AI, 데이터사이언스 실무 경력 2년 이상 - Linux 환경에 능숙 - 높은 수준의 
Python 구현 능력 - AI 관련 포트폴리오, 논문 혹은 경험 URL 제출 필수 ※ 우대사항 - AI, 통계학..."
https://kr.indeed.com//rc/clk?jk=8c32b5db8ab28c7d&fccid=32b9af632cf3b9f9&vjs=3,"[광고 추천] 데이터 과학자, 기계학습(머신러닝) 전문가 모집",성남 판교역,,"학습(머신러닝), 딥러닝에 관한 지식과 경험이 풍부한 분 하나 이상의 프로그래밍 언어에 능통한 분 (예, 
Python, R, Java, Scala, C/C++, Golang 등) 단, 주니어는 기계학습 기초 지식과 개발 역량..."
https://kr.indeed.com//rc/clk?jk=59ec61c6aa779d55&fccid=c46411dafcae5d08&vjs=3,Systems/Devops Team Lead,부산광역시,,"scripting and automation skills in Bash, PowerShell, or 
Python. Proven track record of successfully delivering large-scale..."
https://kr.indeed.com//rc/clk?jk=a7eec8d4e8eb8574&fccid=57ed5f0210b0681a&vjs=3,CS Field Application Engineer,대한민국,,"이상 반도체 및 High-tech 분야의 경력자 (관련학과 석사 이상 학위 보유) Personal skills 분석적 사고를 바탕으로한 문제해결 능력 기술적 분석을 위한 script 활용 능력(Matlab, 
Python 등)"
https://kr.indeed.com//rc/clk?jk=c130ad24ffc25b72&fccid=62e29f1ce04435f3&vjs=3,기술연구소 (AI연구 및 Python개발 / 드론 영상처리),고양 덕양구,,"어링 기술연구소 (AI연구 및 
Python개발 / 드론 영상처리) 채용 4... 프로그래밍 ㆍBig Data 활용 및 Smart plant ㆍR 및 
Python 기반 프로그램 개발 ㆍ정부출연사업 제안서 작성 [근무부서 및 직급..."
https://kr.indeed.com//rc/clk?jk=c5a2d1029018e4ba&fccid=7e545d7535e24baa&vjs=3,Expat: Experimental Physicist Tuning an Monitoring,경기도 화성,,"Experience in using office programs and Unix (Linux) 
Python and Jira experience is preferred. Deliberate and organized work..."
https://kr.indeed.com//rc/clk?jk=9218706a68b42032&fccid=89ba5958af4f15d2&vjs=3,Quant & Derivatives Team 인턴,대한민국,,"계약서 검토, 거래 부킹(Booking) 및 관리, 신상품개발 참여 (Simulation 등) - 
Python 또는 Excel VBA 가능 시 우대 - 계약조건 : 3개월~1년 인턴사원 근무 2. 지원방법 - 제출방법..."
https://kr.indeed.com//rc/clk?jk=34f22fafb415ec3c&fccid=35209469e1b8c72c&vjs=3,Data Analyst,서울 영등포구,,"가지신 분 Business Intelligence 시스템 및 비즈니스 리포팅 툴의 활용 능력 프로그래밍 언어(
Python/R, etc)를 활용하여 데이터 분석이 가능하신 분 더 나은 데이터 기반 서비스를 만들기 위해 동료들과..."
https://kr.indeed.com//rc/clk?jk=d5359470266f3880&fccid=08b98c3fea350315&vjs=3,미래금융팀 경력직원(시스템운영),대한민국,,"활용한 DevOps 사용 경험 · 클라우드 서비스 이용 경험(IaaS, PaaS) · 프로그램 언어(C, 
Python, Java 등) - 공통사항 · 당사 내부 규정상 결격사유 없는 자 3. 원서접수 - 접수기간: 2021..."
https://kr.indeed.com//company/No-Deviation-Pte-Ltd/jobs/Data-Scientist-f5a55624fe53d770?fccid=1685f7430879dfc6&vjs=3,Data Scientist (KOREA),충청북도 청주,,"data visualization * Experience using tools... SAS JMP, 
Python, Matlab, KNIME, and SIMCA * Experience with developing..."
https://kr.indeed.com//rc/clk?jk=100cb32e95d18fc1&fccid=842365965c1f45a0&vjs=3,[대형증권사] IT보안,서울 강남구,,"기획 운영 - 인증서비스 마케팅 - 신원확인업무 기획 학력사항: 대학교(4년)졸업 -이공계 전공, C#,
Python,JavaScript,SQL 사용 가능 우대 0 명 근무조건 고용형태: 정규직급여조건: 연봉 협의 후 결정..."
https://kr.indeed.com//rc/clk?jk=7f13c34298c6450b&fccid=e65c7a7fd4f89d1c&vjs=3,코스닥 상장 게임회사 서비스 보안 담당자,성남 분당구,"연봉 60,000,000원 - 70,000,000원","분 - IDS / IPS 패턴 분석 및 Rule 개발 경력이 있는 분 - 각종 스크립트 언어(Perl, 
Python, shell script 등)의 활용 능력을 갖춘 분[근무부서 및 직급/직책]직급/직책: 대리, 과장 [자격..."
https://kr.indeed.com//rc/clk?jk=1806287902a1a36e&fccid=32b9af632cf3b9f9&vjs=3,[데이터센터] (경력/신입) 카카오 데이터센터 Data Scientist 모집,성남 판교역,,"않고, 기술이 비즈니스 가치로 변모할 수 있는 그 가능성에 집중합니다. 지원자격 필수사항 Go, 
Python, Scala, Java, C/C++ 중 하나 이상의 언어에 능숙하신 분 SQL 또는 HiveQL에 능숙하신..."
https://kr.indeed.com//rc/clk?jk=708845b0028e67c6&fccid=957e7269e39d7d9c&vjs=3,자산운용본부 및 마케팅 인턴사원(체험형),대한민국,,"년 07월 이내 졸업예정자 - MS Office(엑셀, 워드, 파워포인트) 능력 우수자 - 프로그래밍 (
Python, R 등) 능력 - 산업 및 기업 리서치(기업Valuation 경험자) - UX/ UI 능력 2. 기간 ㆍ..."
https://kr.indeed.com//rc/clk?jk=e5448ffc7d6ecf02&fccid=e34932b8232a173b&vjs=3,FPGA 플랫폼 엔지니어 (딥러닝 하드웨어 프로세서 개발),성남 분당구,"연봉 40,000,000원 - 100,000,000원","사용 경험(Chip Scope/SignalTap) - Language: 
Python/Perl, C/C++ - Vivado 또는 Synplify 또는... SignalTap) - Language: 
Python/Perl, C/C++..."
https://kr.indeed.com//rc/clk?jk=15edcadd124ad99a&fccid=aba87288e4cc3687&vjs=3,매칭 데이터분석,성남 분당구,,"최적화 된 모델을 적용하고 평가합니다. 지원자격 [이런 경험을 가진 파티원을 찾습니다.] - SQL, 
Python 등의 언어를 통해 데이터를 가공한 경험이 있는 분을 찾습니다. - 문제에 적합한 머신러닝 모델을 선택하고..."
https://kr.indeed.com//rc/clk?jk=ac9068957c550cb3&fccid=32b9af632cf3b9f9&vjs=3,데이터 전문가(모델러/분석가/엔지니어) 모집,성남 판교역,,"대용량 데이터를 효율적으로 사용하기 위한 기반 데이터 가공 지원자격 데이터 사이언스를 위한 언어(R/
Python/Scala) 및 도구(scikit-learn/Spark MLlib/Tensorflow/Pytorch 등)를..."
https://kr.indeed.com//rc/clk?jk=bea34fbb2f401c90&fccid=e90e80bc9ed9a53f&vjs=3,Machine Learning Engineer (LINE TIMELINE),대한민국,,"사용자 임베딩을 생성하여 추천에 활용합니다. Jupyter 환경에서 
Python, Spark, Pyspark 등을 활용하여 데이터 분석하고 모델링... 대용량 데이터 처리 프레임워크와 
Python, SQL 등의 언어를 능숙하게..."
https://kr.indeed.com//rc/clk?jk=f6880357422fc8ad&fccid=edb4bf50a19b70a9&vjs=3,Graduate Energy Storage Engineer,대한민국,,"Homer Grid, DigSilent PowerFactory, PSS®E, MATLAB/Simulink, 
Python. Self-motivated with an aspiration to develop a successful..."
https://kr.indeed.com//rc/clk?jk=9b06bfcc16e5fe06&fccid=fa74dbe28e96a04f&vjs=3,KAIST 문화기술연구소 비주얼미디어연구실(노준용 교수) 연수연구원 및 위촉연구원(전문연구요원 포함) 모집...,대전 유성구,,"및 비전 분야 박사 학위 소지자 - 컴퓨터 프로그래밍 가능자 (C++, 
Python 등 ) ※ 콘텐츠 제작 플랫폼 및 프로그램 개발을 위한 논문 구현... 퓨터 프로그래밍 가능자 (C++, 
Python 등 ) ※ 콘텐츠 제작 플랫..."
https://kr.indeed.com//rc/clk?jk=79304a56b5a6379b&fccid=bea74927fd353048&vjs=3,Business Analyst,대한민국,,"engineering related research. • Broad working knowledge of 
Python, Excel (inc. automation skills), Relational DBs, SQL..."
https://kr.indeed.com//rc/clk?jk=10c5107f8bac04ff&fccid=6e2a9dddd86c4648&vjs=3,[웹젠] 사내IT인프라(신입/경력),성남 분당구,,"Terraform 등 운영 경험이 있는 분 - Powershell, 
Python, Bash,Batch 작성이 가능한 분 - L2,L3 네트워크 기본... 있는 분 - Powershell, 
Python, Bash,Batch 작성이..."
https://kr.indeed.com//rc/clk?jk=1d387e7ee0065eae&fccid=66f3256daa1d8c41&vjs=3,(화학대기업) IT기획,성남 분당구,,"JAVA|인터넷·IT·통신·모바일·게임>웹프로그래머>PHP |인터넷·IT·통신·모바일·게임>웹프로그래머>
Python|인터넷·IT·통신·모바일·게임>웹프로그래머>ASP.NET|인터넷·IT·통신·모바일·게임>웹프로그래머>VB.NET"
https://kr.indeed.com//rc/clk?jk=45e2530522c7472a&fccid=f058eb095b8d3d23&vjs=3,"Python, 인공지능(AI) 외 신입/경력 정규직",성남 분당구,,"제출서류에 허위사실이 있을 경우 채용이 취소될 수 있습니다. 인터넷·IT·통신·모바일·게임>응용프로그래머>
Python|인터넷·IT·통신·모바일·게임>데이터베이스·DBA>Oracle DB|인터넷·IT·통신·모바일·게임>ERP..."
https://kr.indeed.com//rc/clk?jk=40462398c7170442&fccid=eeb16a4c5168d887&vjs=3,[기업부설연구소]AI기반 비전시스템 개발 정규직 전문연구원 모집,대한민국,,"지원자격 경력 1년 이상 undefined 대학교(4년) 우대조건 
Python, 미신러닝/딥러닝에 대한 폭넓은 기본지식, 최신 연구논문에 대한 이해... 전공 - 통계학 전공 - 직접 : 
Python, C++,Tensorflow..."
https://kr.indeed.com//rc/clk?jk=9193b9de45a0ac1c&fccid=6a7f2fa034a3fd36&vjs=3,Embedded Software Engineer - Connected,경기도 성남,,"skills with C, C++ and other script languages (i.e. 
python etc..) Strong knowledge... IOT devices communication protocols..."
https://kr.indeed.com//rc/clk?jk=bfe0f5ac4f32ec89&fccid=32b9af632cf3b9f9&vjs=3,추천 통계분석/데이터사이언티스트,성남 판교역,,"통계, 수학 관련 분야의 석사 또는 박사 학위 소지자 숙련된 데이터분석 능력 데이터 사이언스를 위한 언어(
Python/R) 를 하나 이상 능숙하게 다룰 수 있으신 분 분석 결과를 설득력있게 전달할 수 있는 분 우대사항..."
https://kr.indeed.com//rc/clk?jk=be95b5718905880f&fccid=6c9206aa5a609175&vjs=3,AI/빅데이터/클라우드 분야 (인재 Pool),서울,,"의미한 인사이트 발굴 - R, 
Python, SQL 등 Statistics... 등)의 다양한 솔루션을 활용하여 서비스 개발 경험자 2) Java,
Python 등 프로그래밍 개발 경험 보유자 3) Container 기반 서비스..."
https://kr.indeed.com//rc/clk?jk=764c34063040edd1&fccid=205b02ce77cbf40e&vjs=3,Machine Learning Engineer (LINE TIMELINE),대한민국,,"사용자 임베딩을 생성하여 추천에 활용합니다. Jupyter 환경에서 
Python, Spark, Pyspark 등을 활용하여 데이터 분석하고 모델링... 대용량 데이터 처리 프레임워크와 
Python, SQL 등의 언어를 능숙하게..."
https://kr.indeed.com//rc/clk?jk=d17da0baecf05910&fccid=9635ff240e3de5f6&vjs=3,데이터 분야 경력,서울,,"해가 뛰어난 자 - R, 
Python, SAS, SQL 등 활용 역량 우대사항(해당 내용 중 1개 이상) - ML/DL 경험 인력 우대 - 관련 분야 석사 이상 학위 소지자 우대 - R, 
Python등 데이터분석 모델링 경험..."
https://kr.indeed.com//rc/clk?jk=64e8a0d36e790764&fccid=9702ca14c9a11940&vjs=3,ASIC 디지털 로직설계 연계형 인턴,서울 서초구,,"설계 경험 - FPGA 기반의 Hardware 검증경험 - UVM 활용 역량 보유 - 스크립트 언어(
Python, Shell script, etc)를 활용한 automation 역량보유 함께하고 싶은 사람 - 새로운 것을..."
https://kr.indeed.com//rc/clk?jk=1fb3842081332589&fccid=205b02ce77cbf40e&vjs=3,ADS Data Analyst,대한민국,,"준하는 경력이 있으신 분 Hadoop 환경에 대한 이해를 기반으로 Hive SQL 사용이 능숙하신 분 R, 
Python을 모두 사용하여 통계 분석 및 예측 모델링이 가능하신 분 논리적 추론과 해석 및 분석 항목 도출을 통한..."
https://kr.indeed.com//rc/clk?jk=318c6841866ac8d5&fccid=dbcbf1153e0db6f9&vjs=3,(주)아이옵스 소프트웨어 개발자,대전 유성구,,"트스트랩, 웹개발, C++, C#, 
python, java 등 1개 이상의... 우대사항]- 자바스크립트, 부트스트랩, 웹개발, C++, C#, 
python, java 등 1개 이상의 개발환경 능숙자- Windows, Linux..."
https://kr.indeed.com//rc/clk?jk=07375dc4e800dfa9&fccid=32b9af632cf3b9f9&vjs=3,추천 시스템 소프트웨어 엔지니어,성남 판교역,,"관련 업무 경험자 우대사항 운영체제, 네트워크, 컴파일러, 데이터베이스에 대한 이해가 깊으신 분 
Python, C++, GPU 프로그래밍 숙련자 대용량/실시간 서비스 개발/운영 경험이 많으신 분 ICPC/TopCoder..."
https://kr.indeed.com//rc/clk?jk=f061ad59a499c0b2&fccid=6e2a9dddd86c4648&vjs=3,[웹젠] 보안분석(경력),성남 분당구,,"분 - 모의해킹 경험이 있는 분 - 침해사고 대응 경험이 있는 분 - 
Python 개발 능력을 보유한 분 ﻿ 우대사항 - 해킹 대회 입상자 • 기타... 사고 대응 경험이 있는 분 - 
Python 개발 능력을 보유한 분 ﻿ 우대..."
https://kr.indeed.com//rc/clk?jk=0a93d7d77f18285e&fccid=d055cc580fb1a1d9&vjs=3,한양디지텍(주) 기술연구소 신입직원,경기도 화성,"연봉 30,000,000원 - 35,000,000원","C++|인터넷·IT·통신·모바일·게임>응용프로그래머>VoIP|인터넷·IT·통신·모바일·게임>응용프로그래머>
Python|인터넷·IT·통신·모바일·게임>네트워크·서버·보안>정보시스템|인터넷·IT·통신·모바일·게임>네트워크·서버..."
